name,address,phone,email,website,hours,services,brands,languages,payment,rating,reviews,additional,Latitude,Longitude
Garage am Atelier SARLS,1 Rue de la Sire L-6484 Echternach lechternach,,,,,,,,,,,,,
,68 Rue de IAlzette L-7305 Mullendorf Mélleref,,,,,,,,,,,,,
,18 Rue Francois Dostert L-7397 Hunsdorf Hénsdref,,,,,,,,,,,,,
,5 Rue de Lille L-4214 Esch-sur-Alzette Esch-Uelzecht,,,,,,,,,,,,,
,7 Zone Industrielle L-9166 Mertzig Mderzeg,,,,,,,,,,,,,
,AD Rue Pletzer L-8080 Bertrange Bartreng,,,,,,,,,,,,,
,595G Rue de Neudorf L-2220 Luxembourg Létzebuerg,,,,,,,,,,,,,
,270 Route dArlon L-8010 Strassen Stroossen,,,,,Europe Car Center SARLS,,,,,,,,
,21 Rue de la Continentale L-4917 Bascharage Nidderkderjeng,,,,,,,,,,,,,
,177 Rue de Luxembourg L-8077 Bertrange Bartreng,,,,,,,,,552.0,,,,
,36 Duarrefstrooss L-9944 Beiler Beeler,,,,,,,,,,,,,
,84 Avenue de Luxembourg L-4940 Bascharage Nidderkderjeng,,,,,Garage Theves du Sud Sarl,,,,,,,,
,7 Zone Industrielle Hahneboesch L-4562 Niederkorn Nidderkuer,,,,,,,,,,,,,
,68 Rue de IHépital L-4581 Differdange Déifferdang,1 aco 26 27 22,,,,ite sector  Servicesatthe specialists  Trading,,,,,,"ch by activity Duty Pharmacies Digital Marketing Agency ch by location Hospitals on duty Marketing solutions for companies Jest a quote Route information Website creation tical guide Horoscope Ecommerce website Postcode Finder Business Directory Registration ctly access an activity on Luxembourg sation, training and employment e Garage, transport and mobility  Hotel,Restaurant, Tavern e In ge Editus.lu provides you with all the results for Garage. Refine your search Luxembourg, Esch-sur-Alzette, Bertrange, Bodywork, ng for address, telephone number, fax number... Call your contacts free of charge and locate them on a map. Garage Zimmer  Neu Sarl",,
,8 Rue de Mersch L-7410 Angelsberg Aangelsbierg,,,,,Auto Tala - Ichkontana Said,,,,,,,,
,3 Route de Beaufort L-6360 Grundhof Grondhaff,,,,,"SCHOOS Gary, Létz Cut Plasma Cutting",,,,,,,,
,5 Rue dArlon L-9155 Grosbous Groussbus,,,,,,,,,,,,,
,9 Rue Robert Stumper L-2557 Luxembourg Létzebuerg,,,,,Garage Theves du Sud Sarl,,,,,,,,
,7 Zone Industrielle Hahneboesch L-4562 Niederkorn Nidderkuer,,,,,,,,,,,,,
,12a Chemin des Rochers L-6310 Beaufort Beefort,,,,,Garage am Atelier SARLS,,,,,,,,
,1 Rue de la Sire L-6484 Echternach lechternach,,,,,,,,,,,,,
,68 Rue de IAlzette L-7305 Mullendorf Mélleref,,,,,Garage Paul Kellen Sarl,,,,,,,,
,13 Allee John W. Leonard L-7526 Mersch Miersch,,,,,Fun Garage Siége social,,,,,,,,
,100 Rue Principale L-5480 Wormeldange Wormer,,,,,Losch Business Center Kirchberg,,,,,,,,
,5 Rue des Joncs L-1818 Howald Houwald,,,,,,,,,,,,,
,76 Rue Principale L-8383 Koerich Kderch,,,,,KRACHAN Michael - Motorradtechnik,,,,7.0,,,,
,L-7737 Colmar-Berg Colmer-Bierg,,,,,,,,,537.0,,,,
,IIB Op der Héi L-9806 Hosingen Housen,,,,,Garage Llorens J.A.R. Motor,,,,,,,,
,18 Rue Robert Stumper L-2557 Luxembourg Létzebuerg,,,,,,,,,,,,,
,90 Rue Charles Darwin L-1433 Luxembourg Létzebuerg,,,,,itesector  Servicesatthe specialists  Trading,,,,,,"rch by activity Duty Pharmacies Digital Marketing Agency rch by location Hospitals on duty Marketing solutions for companies uest a quote Route information Website creation tical guide Horoscope Ecommerce website Postcode Finder Business Directory Registration ctly access an activity on Luxembourg cation, training and employment  Garage, transport and mobility  Hotel, Restaurant, Tavern e In ge Editus.lu provides you with all the results for Garage. Refine your search Luxembourg, Esch-sur-Alzette, Bertrange, Bodywork, ng for address, telephone number, fax number... Call your contacts free of charge and locate them on a map. Losch Business Center Kirchberg",,
,5 Rue des Joncs L-1818 Howald Houwald,,,,,,,,,,,,,
,76 Rue Principale L-8383 Koerich Kderch,,,,,,,,,,,,,
,IIB Op der Héi L-9806 Hosingen Housen,,,,,Garage Llorens J.A.R. Motor,,,,,,,,
,18 Rue Robert Stumper L-2557 Luxembourg Létzebuerg,,,,,ZMS-Zimmer Motor Solutions Sarl,,,,,,,,
,8 Rue de Mersch L-7410 Angelsberg Aangelsbierg,,,,,,,,,,,,,
,2 Rue du Pont L-7245 Bereldange Bareldeng,,,,,Media Support Logistics Sarl,,,,,,,,
,2B Ennert Dem Bierg L-5244 Sandweiler Sandweiler,,,,,,,,,,,,,
,10 Ellerstrooss L-8526 Colpach-Bas Nidderkolpech,,,,,AG ACM Mobility Car AA alee te tet AAA... nt ee Fe eat NN a eT a POO OY LC,,,,512.0,,,,
,28 Rue de Steinfort L-8476 Eischen Aischen,,,,,,,,,,,,,
,18 Rue Robert Stumper L-2557 Luxembourg Létzebuerg,,,,,,,,,,,,,
,23 Zone Industrielle L-8287 Kehlen Kielen,,,,,,,,,517.0,,,,
,2 Porte des Ardennes L-9145 Erpeldange-sur-Stre lerpeldengSauer,,,,,,,,,,,,,
,2 Rue Geespelt L-3378 Livange Léiweng,,,,,,,,,,,,,
,2B Ennert Dem Bierg L-5244 Sandweiler Sandweiler,,,,,VD Motos Lux Sarl,,,,,,,,
,63 Route de Remich L-5330 Moutfort Mutfert,,,,,ite sector  Servicesatthe specialists  Trading,,,,,,"ch by activity Duty Pharmacies Digital Marketing Agency ch by location Hospitals on duty Marketing solutions for companies Jest a quote Route information Website creation tical guide Horoscope Ecommerce website Postcode Finder Business Directory Registration ctly access an activity on Luxembourg sation, training and employment e Garage, transport and mobility  Hotel,Restaurant,Tavern e _ Inc ge Editus.lu provides you with all the results for Garage. Refine your search Luxembourg, Esch-sur-Alzette, Bertrange, Bodywork, ng for address, telephone number, fax number... Call your contacts free of charge and locate them on a map.",,
,4 Op de Leemen L-5846 Fentange Fenteng,,,,,Automobiles Vitrages Services Sarl,,,,,,,,
,25 Rue des Artisans L-8805 Rambrouch Rammerich,,,,,,,,,,,,,
,1 Rue René Moes L-8348 Capellen Kapellen,,,,,,,,,484.0,,,,
,1 Rue Jean Piret L-2350 Luxembourg Létzebuerg,,,,,,,,,,,,,
,50 Rue de Luxembourg L-7540 Rollingen Rolleng,,,,,CAR Pro Differdange Sarl,,,,,,,,
,82 Rue de Soleuvre L-4670 Differdange Déifferdang,,,,,AM Classic Cars SARLS,,,,487.0,,,,
,2 Schweecherdaulerstrooss L-8551 Noerdange Nderden,,,,,Garage Zimmer  Neu Sarl,,,,488.0,,,,
,8 Rue de Mersch L-7410 Angelsberg Aangelsbierg,,,,,Auto Tala - Ichkontana Said,,,,489.0,,,,
,3 Route de Beaufort L-6360 Grundhof Grondhaff,,,,,Select Auto Lux SARLS,,,,4.0,,,,
,9a Rue de Bergem L-4029 Esch-sur-Alzette Esch-Uelzecht,,,,,,,,,,,,,
,34 Rue Bourg L-8461 Eischen Aischen,,,,,,,,,,,,,
,259A Rue de Luxembourg L-8077 Bertrange Bartreng,,,,,,,,,,,,,
,9 Rue Robert Stumper L-2557 Luxembourg Létzebuerg,,,,,,,,,,,,,
,66 Rue de Bourgogne L-1272 Luxembourg Létzebuerg,,,,,Garage Paul Kellen Sarl,,,,,,,,
,13 Allée John W. Leonard L-7526 Mersch Miersch,,,,,Fun Garage Siége social,,,,,,,,
,100 Rue Principale L-5480 Wormeldange Wormer,,,,,ate sector  Servicesatthe specialists  Trading,,,,,,"rch by activity Duty Pharmacies Digital Marketing Agency rch by location Hospitals on duty Marketing solutions for companies uest a quote Route information Website creation stical guide Horoscope Ecommerce website Postcode Finder Business Directory Registration ctly access an activity on Luxembourg cation, training andemployment  Garage, transport and mobility  Hotel,Restaurant,Tavern In ing for address, telephone number, fax number... Call your contacts free of charge and locate them on a map.",,
,6 Rue Cyprien Merjai L-2145 Luxembourg Létzebuerg,,,,,,,,,,,,,
,2 Rue du Pont L-7245 Bereldange Bareldeng,,,,,Media Support Logistics Sarl,,,,,,,,
,2B Ennert Dem Bierg L-5244 Sandweiler Sandweiler,,,,,,,,,,,,,
,10 Ellerstrooss L-8526 Colpach-Bas Nidderkolpech,,,,,,,,,,,,,
,4D Rue Pletzer L-8080 Bertrange Bartreng,,,,,,,,,468.0,,,,
,68 Avenue de Ia Liberté L-1930 Luxembourg Létzebuerg,,,,,,,,,470.0,,,,
,28 Rue de Steinfort L-8476 Eischen Aischen,,,,,,,,,472.0,,,,
,1 Rue du Lavoir L-3358 Leudelange Leideleng,,,,,LUX Auto Concept SARLS,,,,473.0,,,,
,85 Rue de Dommeldange L-7222 Walferdange Walfer,,,,,,,,,,,,,
,18 Rue Robert Stumper L-2557 Luxembourg Létzebuerg,,,,,,,,,,,,,
,23 Zone Industrielle L-8287 Kehlen Kielen,,,,,LUX Pdr Services Sarl,,,,,,,,
,26 Cité Steen L-9993 Weiswampach Wdiswampech,,,,,,,,,,,,,
,23 Rue Beaumont L-1219 Luxembourg Létzebuerg,,,,,,,,,,,,,
,2 Rue Geespelt L-3378 Livange Léiweng,,,,,,,,,480.0,,,,
,2B Ennert Dem Bierg L-5244 Sandweiler Sandweiler,,,,,ate sector e Servicesatthe specialists  Trading,,,,,,"vices Practical Company E irch by activity Duty Pharmacies Digital Marketing Agency A irch by location Hospitals on duty Marketing solutions for companies C juest a quote Route information Website creation C ctical guide Horoscope Ecommerce website E Postcode Finder Business Directory Registration E ctly access an activity on Luxembourg cation, training and employment  Garage, transport and mobility  Hotel,Restaurant,Tavern e Ind age Editus.lu provides you with all the results for Garage. Refine your search Luxembourg, Esch-sur-Alzette, Bertrange, Bodywork, C ing for address, telephone number, fax number... Call your contacts free of charge and locate them on a map.",,
"in o 1.0.2501.2403 Copyright  2025 - Editus Luxembourg S.A. - 208, rue de Noertzange L-3670",78 Haaptstrooss L-9806 Hosingen Housen,,,,,,,,,,,,,
,80 Rue des Artisans L-1141 Luxembourg Létzebuerg,,,,,,Renault Groupe Autosphere  Capellen,,,,,,,
,1B Route dArlon L-8310 Cap Kap,,,,,,,,,,,,,
,10 Zone Industrielle L-8821 Koetschette Kietscht,,,,,,,,,,,,,
,35 Route de Stadtbredimus L-5570 Remich Réimech,,,,,Premium Car Concept Sarl,,,,,,,,
,1D Rue Principale L-5465 Waldbredimus Waldbriedemes,,,,,,,,,,,,,
,18 Um Woeller L-4410 Soleuvre Zolwer,,,,,,,,,,,,,
,1 Rue de Holtz L-8826 Perlé Parel,,,,,Jean Ries Sarl et Cie II SCS,,,,,,,,
,3 Rue Nicolas Gredt L-1641 Luxembourg Létzebuerg,,,,,,,,,,,,,
,80A Rue de Kehlen L-8295 Keispelt Keespelt,,,,,,,,,,,,,
,408 Route de Longwy L-4830 Rodange Rodange,,,,,Team Car Repairs SA,,,,,,,,
,L-3841 Schifflange Schéffleng,,,,,,,,,,,,,
,L-3378 Livange Léiweng,,,,,,,,,,,,,
,19 Reimecherwee L-5698 Welfrange Welfreng,,,,,,,,,,,,,
,5 Om Knupp L-9991 Weiswampach Wdiswampech,,,,,,,,,457.0,,,,
,6 Rue Cyprien Merjai L-2145 Luxembourg Létzebuerg,,,,,,,,,,,,,
,6 Rue Cyprien Merjai L-2145 Luxembourg Létzebuerg,,,,,Consorts Winandy S.ar.I. et Cie SCS,,,,4.0,,,,
,11 Rue Kalchesbruck L-1852 Luxembourg Létzebuerg,,,,,,,,,,,,,
,11 Rue Kalchesbruck L-1852 Luxembourg Létzebuerg,,,,,vate sector e Servicesatthe specialists  Trading,,,,,,"arch by activity Duty Pharmacies Digital Marketing Agency arch by location Hospitals on duty Marketing solutions for companies quest a quote Route information Website creation ictical guide Horoscope Ecommerce website Postcode Finder Business Directory Registration ectly access an activity on Luxembourg ucation, training and employment  Garage, transport and mobility  Hotel,Restaurant,Tavern e Ini rage Editus.lu provides you with all the results for Garage. Refine your search Luxembourg, Esch-sur-Alzette, Bertrange, Bodywork, king for address, telephone number, fax number... Call your contacts free of charge and locate them on a map.",,
,34D6 Rue de la Poste L-8824 Perlé Parel,,,,,Grand Garage Paul Wengler Siége social,,,,,,,,
,36 Avenue des Alliés L-9012 Ettelbruck Ettelbréck,,,,,,,,,,,,,
,25-D Robert Schuman-Strooss L-5751 Frisange Fréiseng,,,,,,,,,,,,,
,3 Zone dactivité Zare llot Ouest L-4384 Ehlerange Eilereng,,,,,International Car Trading  Management fur Handler Sarl,,,,,,,,
,58 Um Kécker L-5489 Ehnen Einen,,,,,,,,,,,,,
,98 Rue de Bonnevoie L-1260 Luxembourg Létzebuerg,,,,,,,,,,,,,
,1 Zone um Woeller L-4410 Sanem Suessem,,,,,,,,,,,,,
,12 Gidllewee L-9749 Fischbach Clervaux Féschbech Clidrref,,,,,,Garage Citroen,,,,,,,
,L-7759 Roost Bissen Roost Bissen,,,,,,,,,,,,,
,L-7759 Roost Bissen Roost Bissen,,,,,,,,,,,,,
,64 Duerfstrooss L-9689 Tarchamps Eeschpelt,,,,,Duro Lux Automobiles Sarl,,,,,,,,
,238 Route de Luxembourg L-3515 Dudelange Diddeleng,,,,,,,,,,,,,
,9 Schmaenneweeg L-9942 Basbellain Kirchen,,,,,,,,,,,,,
,8 Om Allerburrer Knapp L-9752 Hamiville Heesdref,,,,,"De Mira Gomes Ivo, Rafael",,,,437.0,,,,
,6 Rue Joseph Leydenbach L-1947 Luxembourg Létzebuerg,,,,,,,,,,,,,
,78 Haaptstrooss L-9806 Hosingen Housen,,,,,,Renault Groupe Autosphere  Capellen,,,,,,,
,1B Route dArlon L-8310 Cap Kap,,,,Monday to,"variety of professionals, brands, and services.",,,,,,"rch by activity Duty Pharmacies Digital Marketing Agency rch by location Hospitals on duty Marketing solutions for companies uest a quote Route information Website creation stical guide Horoscope Ecommerce website Postcode Finder Business Directory Registration ctly access an activity on Luxembourg cation, training and employment  Garage, transport and mobility  Hotel,Restaurant,Tavern  In ing for address, telephone number, fax number... Call your contacts free of charge and locate them on a map. It is now much easier to find a garage in Luxembourg. Vous souhaitez étre mis en avant",,
,L-8070 Bertrange Bartreng,,,,,,,,,,,,,
,4 Rue de IAvenir L-1147 Luxembourg Létzebuerg,,,,,,,,,,,,,
,120 Z.A.E. Wolser A L-3225 Bettembourg Beetebuerg,,,,,,,,,,,,,
,59 Munnereferstrooss L-5750 Frisange Fréiseng,,,,,,,,,,,,,
,16 Rue Jean-Pierre Thill L-9085 Ettelbruck Ettelbréck,,,,,,,,,,,,,
,25 Rue Edmond Reuter L-5326 Contern Conter,,,,,,,,,,,,,
,3-5 Rue dArlon L-8399 Windhof Koerich,,,,,,,,,,,,,
,1 Rue Fontebierg L-3381 Livange Léiweng,,,,,Garage Bob Mayer Sarl,,,,408.0,,,,
,8 Route de Luxembourg L-7759 Roost Bissen Roost Bissen,,,,,,,,,,,,,
,25-D Robert Schuman-Strooss L-5751 Frisange Fréiseng,,,,,,,,,,,,,
,3 Zone dactivité Zare llot Ouest L-4384 Ehlerange Eilereng,,,,,Grand Garage Paul Wengler Siége social,,,,,,,,
,36 Avenue des Alliés L-9012 Ettelbruck Ettelbréck,,,,,,,,,,,,,
,2 Rue de lindustrie L-4823 Rodange Rodange,,,,,,,,,,,,,
,11 Rue de Limpach L-3932 Mondercange Monnerech,,,,,,,,,,,,,
,6 Rue Dr Lucius L-8614 Reimberg Rémerech,,,,,,,,,,,,,
,1 Zone artisanale et Commerciale L-9085 Ettelbruck Ettelbréck,,,,,,,,,,,,,
,L-7759 Roost Rouscht,,,,,,,,,,,,,
,36 Am Hénneschteneck L-9151 Eschdorf Eschduerf,,,,,,,,,4.0,,,,
,94 Rue de Hobscheid L-8422 Steinfort Stengefort,,,,,,,,,,,,,
,70 Avenue Guillaume L-1650 Luxembourg Létzebuerg,,,,,,,,,,,,,
,7IA Rue de Kreuzerbuch L-8370 Hobscheid Habscht,,,,,,,,,,,,,
,103 Route de Luxembourg L-3515 Dudelange Diddeleng,,,,,,,,,,,,,
,2 Rue de IIndustrie L-4823 Rodange Rodange,,,,,,,,,,,,,
,30 Avenue Gordon Smith L-7740 Colmar-Berg Colmer-Bierg,,,,,,,,,384.0,,,,
,120 Z.A.E. Wolser A L-3225 Bettembourg Beetebuerg,,,,,Garage Bob Mayer Sarl,,,,,,,,
,8 Route de Luxembourg L-7759 Roost Bissen Roost Bissen,,,,,,,,,386.0,,,,
,59 Munnereferstrooss L-5750 Frisange Fréiseng,,,,,,,,,,,,,
,26 Cité Steen L-9993 Weiswampach Wdiswampech,,,,,Auto Seikel Luxembourg Sarl,,,,388.0,,,,
,6 Boulevard Pierre Dupong L-1430 Luxembourg Létzebuerg,,,,,,,,,,,,,
,L-3434 Dudelange Diddeleng,,,,,,,,,,,,,
,33 Route de Gilsdorf L-9234 Diekirch Dikrech,,,,,,,,,,,,,
,2 Elwenterstrooss L-9952 Drinklange Drénkelt,,,,,,,,,,,,,
,34 Rue des Romains L-3432 Dudelange Diddeleng,,,,,,,,,393.0,,,,
,4 Rue de IAvenir L-1147 Luxembourg Létzebuerg,,,,,,,,,,,,,
,10 Route dEttelbruck L-9160 Ingeldorf Angelduerf,,,,,,,,,,,,,
,1 Rue Fontebierg L-3381 Livange Léiweng,,,,,,,,,,,,,
,16 Rue Jean-Pierre Thill L-9085 Ettelbruck Ettelbréck,,,,,,,,,397.0,,,,
,25 Rue Edmond Reuter L-5326 Contern Conter,,,,,,,,,,,,,
,3-5 Rue dArlon L-8399 Windhof Koerich,,,,,,,,,,,,,
,144 Rue de Noertzange L-3670 Kayl Kal,,,,,,,,,,,,,
,60 Réidenerstrooss L-8530 Ell Ell,,,,,ate sector  Servicesatthe specialists  Trading,,,,,,"irch by activity Duty Pharmacies Digital Marketing Agency irch by location Hospitals on duty Marketing solutions for companies juest a quote Route information Website creation ctical guide Horoscope Ecommerce website Postcode Finder Business Directory Registration ctly access an activity on Luxembourg cation, training and employment  Garage, transport and mobility  Hotel,Restaurant, Tavern e Inc age Editus.lu provides you with all the results for Garage. Refine your search Luxembourg, Esch-sur-Alzette, Bertrange, Bodywork, ing for address, telephone number, fax number... Call your contacts free of charge and locate them on a map.",,
,L-7759 Roost Rouscht,,,,,Auto Avenir Plus Sarl,,,,,,,,
,L-3841 Schifflange Schéffleng,,,,,,,,,,,,,
,94 Rue de Hobscheid L-8422 Steinfort Stengefort,,,,,New Car Marketing Sarl,,,,,,,,
,113 Route dArlon L-8211 Mamer Mamer,,,,,,,,,,,,,
,8 Rue des Romains L-6478 Echternach lechternach,,,,,RDG - Lease Service Conseil,,,,,,,,
,6 Rue Cyprien Merjai L-2145 Luxembourg Létzebuerg,,,,,,,,,,,,,
,Tl Rue de Limpach L-3932 Mondercange Monnerech,,,,,Smart Pop Up Store,,,,,,,,
,45 Rue de Bouillon L-1248 Luxembourg Létzebuerg,,,,,,,,,,,,,
,72-78 Rue de Belvaux L-4025 Esch-sur-Alzette Esch-Uelzecht,,,,,,,,,,,,,
,3 Route de Longwy L-4830 Rodange Rodange,,,,,Auto Discount  Cie Sarl,,,,,,,,
,36 Rue Aloyse Ludovissy L-5898 Syren Siren,,,,,Auto Moteurs Express Service Sarl,,,,,,,,
,115 Ceinture um Schlass L-5880 Hesperange Hesper,,,,,,,,,,,,,
,6 Rue Dr Lucius L-8614 Reimberg Rémerech,,,,,,,,,,,,,
,1Zone artisanale et Commerciale L-9085 Ettelbruck Ettelbréck,,,,,,,,,,,,,
,36 Am Hénneschteneck L-9151 Eschdorf Eschduerf,,,,,,,,,,,,,
,70 Avenue Guillaume L-1650 Luxembourg Létzebuerg,,,,,,,,,377.0,,,,
,7IA Rue de Kreuzerbuch L-8370 Hobscheid Habscht,,,,,,,,,378.0,,,,
,26 Cité Steen L-9993 Weiswampach Wdiswampech,,,,,Auto Seikel Luxembourg Sarl,,,,379.0,,,,
,6 Boulevard Pierre Dupong L-1430 Luxembourg Létzebuerg,,,,,,,,,,,,,
,L-3434 Dudelange Diddeleng,,,,,yate sector  Servicesatthe specialists  Trading,,,,,,"arch by activity Duty Pharmacies Digital Marketing Agency arch by location Hospitals on duty Marketing solutions for companies juest a quote Route information Website creation ictical guide Horoscope Ecommerce website Postcode Finder Business Directory Registration ectly access an activity on Luxembourg ication, training and employment  Garage, transport and mobility  Hotel,Restaurant, Tavern Ini age Editus.lu provides you with all the results for Garage. Refine your search Luxembourg, Esch-sur-Alzette, Bertrange, Bodywork, cing for address, telephone number, fax number... Call your contacts free of charge and locate them on a map.",,
,89F Rue Pafebruch L-8308 Capellen Kapellen,,,,,,,,,,,,,
,9 Zone A. C. Klengbusbierg L-7795 Bissen Biissen,,,,,,,,,,,,,
,226 Route de Thionville L-2620 Luxembourg Létzebuerg,,,,,,,,,,,,,
,L-5280 Sandweiler Sandweiler,,,,,,,,,345.0,,,,
,10 Landburger Park L-6311 Beaufort Beefort,,,,,,,,,346.0,,,,
,177 Rue de Luxembourg L-8077 Bertrange Bartreng,,,,,EDY LUX Car Services a,,,,,,,,
,2 Rue du Moulin L-4998 Schouweiler Schuller,,,,,TRUCK  BUS Rentals Sarl,,,,348.0,,,,
,1 Fontebierg L-3381 Livange Léiweng,,,,,Auto Deal  Services Sarl,,,,349.0,,,,
,2 Am Gassefeld L-5423 Ersange lerseng,,,,,,,,,350.0,,,,
,12 Rue des Bruyéres L-1274 Howald Houwald,,,,,,,,,,,,,
,240 Route de Luxembourg L-3515 Dudelange Diddeleng,,,,,Scooter and More Sarl,,,,,,,,
,45 An der Fraesbich L-8509 Redange-sur-Attert Réiden Atert,,,,,,,,,,,,,
,80 Route de Luxembourg L-4876 Lamadelaine Rolleng,,,,,,,,,,,,,
,1 Rue de Huy L-9415 Vianden Veinen,,,,,,,,,,,,,
,14 Rue des Forges L-5770 Weiler-la-Tour Weiler z,,,,,Hamer Exclusive Cars SA,,,,,,,,
,13 Zone um Woeller L-4410 Soleuvre Zolwer,,,,,,,,,357.0,,,,
,195 Rue de Differdange L-4437 Soleuvre Zolwer,,,,,,,,,358.0,,,,
,181 Route de Thionville L-2611 Howald Houwald,,,,,Lux Connection Export Sarl,,,,359.0,,,,
,59 A Route de Bastogne L-9176 Niederfeulen Nidderfeelen,,,,,,,,,,,,,
,19 C Rue de IEcole L-8466 Eischen Aischen,,,,,ivate sector  Servicesatthe specialists  Trading,,,,,,"rvices Practical Company Ed sarch by activity Duty Pharmacies Digital Marketing Agency Ak quest a quote Route information Website creation Co actical guide Horoscope Ecommerce website Eo Postcode Finder Business Directory Registration Eo rectly access an activity on Luxembourg lucation, training and employment  Garage, transport and mobility  Hotel,Restaurant,Tavern  Indu dking for address, telephone number, fax number... Call your contacts free of charge and locate them on a map.",,
,"in Qa 1.0.2501.2403 Copyright  2025 - Editus Luxembourg S.A. - 208, rue de Noertzange L-3670 K",,,,,Bentley - Lamborghini Luxembourg -Garage M. Losch S.a.r.l.,,,,,,,,
,1 Boulevard F.W. Raiffeisen L-2411 Luxembourg Létzebuerg,,,,,,,,,,,,,
,196 Rue de Differdange L-4437 Soleuvre Zolwer,,,,,,,,,,,,,
,78-90 Route de Thionville L-2610 Luxembourg Létzebuerg,,,,,,,,,,,,,
,9 Zone A. C. Kléngbusbierg L-7795 Bissen Biissen,,,,,Trucks and Trailer Company SA,,,,,,,,
,2 Route de Wilwerdange L-9911 Troisvierges Elwen,,,,,,,,,,,,,
,261 Route dArlon L-1150 Luxembourg Létzebuerg,,,,,,,,,,,,,
,681 Rue de Neudorf L-2220 Luxembourg Létzebuerg,,,,,,,,,,,,,
,24 Rue de lindustrie L-8069 Bertrange Bartreng,,,,,,,,,,,,,
,7IA Rue de Kreuzerbuch L-8370 Hobscheid Habscht,,,,,,,,,,,,,
,2 Rue Jacques Lamort L-6947 Niederanven Nidderaanwen,,,,,,Peugeot Rodenbourg Foetz,,,,,,,
,1 Rue de IIndustrie L-3895 Foetz Feiz,,,,,,,,,,,,,
,Hall 2 Zone Industrielle Rolach L-5280 Sandweiler Sandweiler,,,,,,,,,,,,,
,106 Rue de Hobscheid L-8422 Steinfort Stengefort,,,,,,,,,,,,,
,20 Z.A.C. Klengbousbierg L-7795 Bissen Biissen,,,,,,,,,,,,,
,89F Rue Pafebruch L-8308 Capellen Kapellen,,,,,Geoffrey Apel-Car Selection Sarl,,,,,,,,
,6a Um Woeller L-4410 Soleuvre Zolwer,,,,,,,,,,,,,
,64A Rue de IEglise L-4552 Niederkorn Nidderkuer,,,,,,,,,,,,,
,72 Route Principale L-7450 Lintgen Léntgen,,,,,,,,,,,,,
,2 Rue St. Sebastien L-3752 Rumelange Rémeleng,,,,,vate sector  Servicesatthe specialists  Trading,,,,,,"rvices Practical Company Ed arch by activity Duty Pharmacies Digital Marketing Agency Ak arch by location Hospitals on duty Marketing solutions for companies Co quest a quote Route information Website creation Co ictical guide Horoscope Ecommerce website Eo Postcode Finder Business Directory Registration Eo ectly access an activity on Luxembourg ication, training and employment  Garage, transport and mobility  Hotel,Restaurant,Tavern e Indu rage Editus.lu provides you with all the results for Garage. Refine your search Luxembourg, Esch-sur-Alzette, Bertrange, Bodywork, Ca king for address, telephone number, fax number... Call your contacts free of charge and locate them on a map.",,
,"in ao 1.0.2501.2403 Copyright  2025 - Editus Luxembourg S.A. - 208, rue de Noertzange L-3670 K",,,,,,,,,,,,,
,2 A Benzelt L-5426 Greiveldange Greiweldeng,,,,,,,,,,,,,
,8 Haaptstrooss L-9163 Kehmen Kiemen,,,,,,,,,,,,,
,319 Rue de Belval L-4024 Esch-sur-Alzette Esch-Uelzecht,,,,,,,,,,,,,
,7 Rue des Trois Cantons L-3980 Wickrange Wickreng,,,,,Fiat - Abarth  Alfa Romeo - Jeep Autopolis,,,,,,,,
,L-8070 Bertrange Bartreng,,,,,,,,,,,,,
,33A Grand-Rue L-3394 Roeser Réiser,,,,,,,,,307.0,,,,
,13 Rue Neugarten L-9422 Vianden Veinen,,,,,,,,,,,,,
,54 Route dArlon L-8008 Strassen Stroossen,,,,,Garage Beim Serge Sarl,,,,,,,,
,30F Z.A.E. Solupla L-8506 Redange-sur-Attert Réiden Atert,,,,,,,,,,,,,
,13 Rue de Dahlem L-8369 Hivange Héiweng,,,,,,,,,,,,,
,10 Route dArlon L-7471 Saeul Séll,,,,,,,,,,,,,
,9 Rue du Cimetiére L-9356 Bettendorf Bettendref,,,,,,,,,,,,,
,10 Um Mierscherbierg L-7526 Mersch Miersch,,,,,,,,,,,,,
,15 Rue de IIndustrie L-8069 Bertrange Bartreng,,,,,,,,,,,,,
,25a Rue Principale L-8376 Kahler Koler,,,,,Garage Ries Fréres Sarl,,,,317.0,,,,
,24 Route dArlon L-8210 Mamer Mamer,,,,,,,,,,,,,
,8 Route de Bigonville L-8832 Rombach-Martelange Roumicht,,,,,,,,,,,,,
,4 AMillesch L-6919 Roodt-sur-Syre Rued-Sir,,,,,,,,,,,,,
,1 Boulevard F.W. Raiffeisen L-2411 Luxembourg Létzebuerg,,,,,"Duty Pharmacies Digital Marketing Agency Hospitals on duty Marketing solutions for companies Route information Website creation Postcode Finder Business Directory Registration ses  Bank, finance, insurance  Beauty, sports and wellness  Communication and Multimedia e Hotel,Restaurant, Tavern  Industrial  Living  Medicineand Health  Private sector",,,,,,,,
,54 Route dArlon L-8008 Strassen Stroossen,,,,,Garage Beim Serge Sarl,,,,,,,,
,30F Z.A.E. Solupla L-8506 Redange-sur-Attert Réiden Atert,,,,,,,,,,,,,
,13 Rue Neugarten L-9422 Vianden Veinen,,,,,,,,,,,,,
,25a Rue Principale L-8376 Kahler Koler,,,,,,,,,,,,,
,33A Grand-Rue L-3394 Roeser Réiser,,,,,Service Center Fouhren Sarl,,,,287.0,,,,
,32 Route de Diekirch L-9455 Fouhren Furen,,,,,,,,,288.0,,,,
,64 Rue Jean-Pierre Bausch L-4023 Esch-sur-Alzette Esch-Uelzecht,,,,,Autohaus Reiter GmbH  Co,,,,,,,,
,48 Rue Jos Kieffer L-4176 Esch-sur-Alzette Esch-Uelzecht,,,,,,,,,,,,,
,296-298 Route de Longwy L-1940 Luxembourg Létzebuerg,,,,,,,,,,,,,
,8 Route de Longwy L-8080 Bertrange Bartreng,,,,,,,,,,,,,
,98 Route de Luxembourg L-4760 Pétange Péiteng,,,,,,,,,,,,,
,53 Route de Peppange L-3270 Bettembourg Beetebuerg,,,,,,,,,297.0,,,,
,40A Rue Robert Schuman L-5751 Frisange Fréiseng,,,,,,,,,,,,,
,318 Route de Longwy L-1940 Luxembourg Létzebuerg,,,,,Frontlines Pneus  Autos Services,,,,,,,,
,13 Haaptstrooss L-8538 Hovelange Huewel,,,,,jate sector  Servicesatthe specialists  Trading,,,,,,"arch by activity Duty Pharmacies Digital Marketing Agency arch by location Hospitals on duty Marketing solutions for companies C quest a quote Route information Website creation ictical guide Horoscope Ecommerce website E Postcode Finder Business Directory Registration E ectly access an activity on Luxembourg ication, training and employment  Garage, transport and mobility  Hotel,Restaurant,Tavern e Ind age Editus.lu provides you with all the results for Garage. Refine your search Luxembourg, Esch-sur-Alzette, Bertrange, Bodywork, C ing for address, telephone number, fax number... Call your contacts free of charge and locate them on a map.",,
"in   1.0.2501.2403 Copyright  2025 - Editus Luxembourg S.A. - 208, rue de Noertzange L-3670",L-4149 Esch-sur-Alzette Esch-Uelzecht,,,,,,,,,,,,,
,95 Rue des Bruyéres L-1274 Howald Houwald,,,,,Garage Metti Vélzer Sarl,,,,263.0,,,,
,10 Route de Grevenmacher L-6912 Roodt-sur-Syre Rued-Sir,,,,,,,,,,,,,
,6 A Route de Luxembourg L-6910 Roodt-sur-Syre Rued-Sir,,,,,,,,,,,,,
,113 Route de Longwy L-4994 Schouweiler Schuller,,,,,,,,,,,,,
,L-4562 Differdange Déifferdang,,,,,,,,,267.0,,,,
,6 Route de Diekirch L-9834 Holzthum Holztem,,,,,Garage du Riesenhoff SA,,,,268.0,,,,
,32 Rue Principale L-8818 Grevels Gréiwels,,,,,,,,,,,,,
,6 Route de Luxembourg L-5670 Altwies Altwis,,,,,,,,,,,,,
,45 An der Fraesbich L-8509 Redange-sur-Attert Réiden Atert,,,,,René Beelener et CIE Sarl,,,,,,,,
,1 Rue Alphonse Sinner L-7546 Rollingen Rolleng,,,,,,,,,,,,,
,3 Zone A. C. Kléngbusbierg L-7795 Bissen Biissen,,,,,,,,,,,,,
,1 Avenue de Luxembourg L-4950 Bascharage Nidderkderjeng,,,,,,,,,274.0,,,,
,L-8070 Bertrange Bartreng,,,,,Aero AutoFactoria Group SA,,,,275.0,,,,
,1 Zone Industrielle Letzebuerger Heck L-3844 Schifflange Schéffleng,,,,,,,,,,,,,
,54 Route dArlon L-8008 Strassen Stroossen,,,,,,,,,277.0,,,,
,49 Duarrefstrooss L-9964 Huldange Huldang,,,,,,,,,278.0,,,,
,6a Rue Principale L-9806 Hosingen Housen,,,,,,,,,279.0,,,,
,240 Route de Luxembourg L-3515 Dudelange Diddeleng,,,,,,,,,,,,,
,110-112 Rue de Hobscheid L-8422 Steinfort Stengefort,,,,,rivate sector e Services atthe specialists  Trading,,,,,,"earch by activity Duty Pharmacies Digital Marketing Agency earch by location Hospitals on duty Marketing solutions for companies equest a quote Route information Website creation ractical guide Horoscope Ecommerce website Postcode Finder Business Directory Registration Jirectly access an activity on Luxembourg ducation, training and employment  Garage, transport and mobility  Hotel,Restaurant,Tavern e In arage Editus.lu provides you with all the results for Garage. Refine your search Luxembourg, Esch-sur-Alzette, Bertrange, Bodywork,",,
,64 Rue Jean-Pierre Bausch L-4023 Esch-sur-Alzette Esch-Uelzecht,,,,,De Freitas Gaudencio Olimpio,,,,,,,,
,2 Rue de IEau L-4920 Bascharage Nidderkderjeng,,,,,Autohaus Reiter GmbH  Co,,,,,,,,
,35 Route dEsch L-3230 Bettembourg Beetebuerg,,,,,Auto Thionville Casse Auto,,,,,,,,
,9 Rue Jéréme de Busleyden L-9639 Boulaide Bauschelt,,,,,,,,,,,,,
,14 Rue J.-P. Thill L-9085 Ettelbruck Ettelbréck,,,,,,,,,,,,,
,8 Rue du Commerce L-3895 Foetz Feiz,,,,,,,,,,,,,
,37-41 Route de lEurope L-5531 Remich Réimech,,,,,,,,,,,,,
,12 Route dEttelbruck L-9160 Ingeldorf Angelduerf,,,,,,,,,,,,,
,7 Rue des Trois Cantons L-3980 Wickrange Wickreng,,,,,,,,,,,,,
,319 Rue de Belval L-4024 Esch-sur-Alzette Esch-Uelzecht,,,,,,,,,,,,,
,20 Rue dArlon L-9155 Grosbous Groussbus,,,,,,,,,,,,,
,2 Weltzerstrooss L-9643 Buederscheid Bitscht,,,,,,,,,,,,,
,18 Route dEttelbruck L-9230 Diekirch Dikrech,,,,,,,,,,,,,
,20 Z.A.C. Klengbousbierg L-7795 Bissen Biissen,,,,,rivate sector e Servicesatthespecialists  Trading,,,,,,"ervices Practical Company E earch by activity Duty Pharmacies Digital Marketing Agency A earch by location Hospitals on duty Marketing solutions for companies C equest a quote Route information Website creation Cc ractical guide Horoscope Ecommerce website E Postcode Finder Business Directory Registration E irectly access an activity on Luxembourg Jucation, training and employment  Garage, transport and mobility  Hotel,Restaurant,Tavern  Ind arage Editus.lu provides you with all the results for Garage. Refine your search Luxembourg, Esch-sur-Alzette, Bertrange, Bodywork, C oking for address, telephone number, fax number... Call your contacts free of charge and locate them on a map.",,
"- in ao 1.0.2501.2403 Copyright  2025 - Editus Luxembourg S.A. - 208, rue de Noertzange L-3670",L-8070 Bertrange Bartreng,,,,Monday to,"variety of professionals, brands, and services.",,,,,,It is now much easier to find a garage in Luxembourg. AUTOPOLIS Vous souhaitez étre mis en avant,,
,8 Zone dActivités Grousswiss L-6833 Biwer Biwer,,,,,Centrale de Jantes Eurl Citroén CAR Avenue Dudelange,,,,,,,,
,1 Route de Luxembourg L-3515 Dudelange Diddeleng,,,,,,,,,,,,,
,82 Rue de Soleuvre L-4670 Differdange Déifferdang,,,,,,,,,,,,,
,1 Route de Remich L-5690 Ellange Elleng,,,,,,,,,,,,,
,48 Hiel L-5485 Wormeldange-Haut Wormer Berreg,,,,,,,,,,,,,
,47 Duarrefstrooss L-9990 Weiswampach Wdiswampech,,,,,,,,,,,,,
,31 Rue St Nicolas L-4263 Esch-sur-Alzette Esch-Uelzecht,,,,,,,,,,,,,
,5 Quai de la Moselle L-5405 Bech-Kleinmacher Bech-Maacher,,,,,,,,,220.0,,,,
,1-2 An der Schmelz L-4328 Esch-sur-Alzette Esch-Uelzecht,,,,,Garage Losch  Cie Sarl,,,,,,,,
,L-6131 Junglinster Jonglénster,,,,,Garage M. Losch Bereldange  Losch FS,,,,,,,,
,6 Cité Grand-Duc Jean L-7233 Bereldange Bareldeng,,,,,,,,,,,,,
,14 Rue de IEglise L-4732 Pétange Péiteng,,,,,Kiggens Classic Workshop Sarl,,,,234.0,,,,
,107 Rue Principale L-9834 Holzthum Holztem,,,,,,,,,,,,,
,6 Route de Luxembourg L-5670 Altwies Altwis,,,,,a A a i A TY,,,,236.0,,,,
,45 An der Fraesbich L-8509 Redange-sur-Attert Réiden Atert,,,,,René Beelener et CIE Sarl,,,,,,,,
,1 Rue Alphonse Sinner L-7546 Rollingen Rolleng,,,,,,,,,,,,,
,3 Zone A. C. Kléngbusbierg L-7795 Bissen Biissen,,,,,Aero AutoFactoria Group SA,,,,,,,,
,1 Zone Industrielle Letzebuerger Heck L-3844 Schifflange Schéffleng,,,,Monday to,"variety of professionals, brands, and services.",,,,,,It is now much easier to find a garage in Luxembourg. Vous souhaitez étre mis en avant,,
,L-8070 Bertrange Bartreng,,,,,,,,,,,,,
,3 Rue des Artisans L-4566 Niederkorn Nidderkuer,,,,,,,,,,,,,
,5 Am Eck L-8715 Everlange lewerleng,,,,,ARS Automobile Repair Systems,,,,,,,,
,Sm 9 Rue Pierre Kersch L-4175 Esch-sur-Alzette Esch-Uelzecht,,,,,Garage Smart Repair Bodywork - Motor vehicle,,,,,,"Nous sommes spécialisés dans lart du débosselage sans peinture, une technique innovante et efficace pour restaurer lapparence originale de votre véhicule sans recourir G une nouvelle couche de peinture codteuse.Que ce soit des dégGts causés par la...",,
,20 Rue dArlon L-9155 Grosbous Groussbus,,,,,MP Concept Design Sarl,,,,,,,,
,7 Rue du Moulin L-7376 Bofferdange Bouferdeng,,,,,,,,,,,,,
,128 Route de Thionville L-2610 Luxembourg Létzebuerg,,,,,,,,,,,,,
,4 Rue des Artisans L-3895 Foetz Feiz,,,,,,,,,,,,,
,2 Rue Geespelt L-3378 Livange Léiweng,,,,,Garage André Losch Sarl  Porsche Zenter Létzebuer,,,,,,,,
,5 Rue des Joncs L-1818 Howald Houwald,,,,,,,,,,,,,
,2 Route de Cruchten L-7759 Roost Rouscht,,,,,,,,,,,,,
,12 Route dArlon L-8008 Strassen Stroossen,,,,,,,,,,,,,
,128 Route de Thionville L-2610 Luxembourg Létzebuerg,,,,,FM Auto-Le Garage Sarl,,,,,,,,
,40-42 Rue de IIndustrie L-8069 Strassen Stroossen,,,,,Jaguar Land Rover Luxembourg,,,,,,,,
,128 Route de Thionville L-2610 Luxembourg Létzebuerg,,,,,Jaguar Land Rover Sud,,,,,,,,
,9 Zone dAménag. Concertée Haneboesch II L-4563 Differdange Déifferdang,,,,,Garage Robert Gelz Sarl,,,,,,,,
,22 Rue de Luxembourg L-8440 Steinfort Stengefort,,,,,,,,,,,,,
,9 Rue Wiltheim L-5465 Waldbredimus Waldbriedemes,,,,Monday to,"variety of professionals, brands, and services.",,,,,,It is now much easier to find a garage in Luxembourg. Vous souhaitez étre mis en avant,,
,L-8070 Bertrange Bartreng,,,,,,,,,,,,,
,110 Rue de Luxembourg L-4221 Esch-sur-Alzette Esch-Uelzecht,,,,,,,,,,,,,
,7 Rue Neuve L-3938 Mondercange Monnerech,,,,,,,,,,,,,
,1 Rue HiehI L-6131 Junglinster Jonglénster,,,,,,,,,,,,,
,42 Rue Hiehl - Zone dActivité  Comm. Laangwiss L-6131 Junglinster Jonglénster,,,,,,,,,,,,,
,55-57 Rue Basse L-3813 Schifflange Schéffleng,,,,,,,,,,,,,
,43 Route dArlon L-8706 Useldange Useldeng,,,,,,,,,188.0,,,,
,477 Route de Thionville L-5887 Alzingen Alzeng,,,,,,Renault Groupe Autosphere  Dudelange,,,,,,,
,240 Route de Luxembourg L-3515 Dudelange Diddeleng,,,,,,,,,,,,,
,97 Rue Muhlenweg L-2155 Luxembourg Létzebuerg,,,,,,,,,,,,,
,3 Rue Pierre Grégoire L-4702 Pétange Péiteng,,,,,,,,,,,,,
,4l Zone dactivité Triangle Vert L-5691 Ellange Elleng,,,,,,,,,,,,,
,20 Zone dactivité  Commerciale Klengbousbierg L-7795 Bissen Biissen,,,,,,,,,,,,,
,37 Dikrecherstrooss L-8523 Beckerich Biekerech,,,,,,,,,,,,,
,1 Gaessel L-8282 Kehlen Kielen,,,,,,,,,,,,,
,55 Haaptstrooss L-9835 Hoscheid-Dickt Houschter-Déckt,,,,,,,,,,,,,
,2 Rue Victor Braun L-6744 Grevenmacher Gréiwemaacher,,,,,,,,,,,,,
,5 Am Eck L-8715 Everlange lewerleng,,,,,,,,,7.0,,,,
,45 Rue de IIndustrie L-8069 Strassen Stroossen,,,,Monday to,"variety of professionals, brands, and services.",,,,,,It is now much easier to find a garage in Luxembourg. AUTOPOLIS Vous souhaitez étre mis en avant,,
,L-8070 Bertrange Bartreng,,,,CHALET Tuesday to 0800,Chalet Center Kirschten Sarl,,,,,4.0,,,
,ES 9 Kriibsebaach L-9365 Eppeldorf Eppelduerf,,,,Monday to 0730,"de garages, de carports et dautres réalisations en bois. De la planification en passant par le suivi des travaux Ask for a quote  Website Garden Gazebos Contractors Landscaper Garage",,,,,,,,
,23 Rue Léon Laval L-3372 Leudelange Leideleng,,,,Ba A Monday to 1000,"référence Skoda au Luxembourg mais aussi un... Véhicule sale Tyres Car bodies Garage AVU, Aménagement de voitures utilitaires by Breger Sarl",,,,,,,,
,fe ia  4lA Zone Industrielle L-8287 Kehlen Kielen,,,,Monday to 0900,"SORTIMO has designed, manufactured, sold van racking solutions. The portfolio includes solutions for various commercial activities, crafts and... Commercial vehicle Development of commercial vehicle Véhicule sale Electric car Garage",,,,,,,,
,4 Rue de Avenir L-3895 Foetz Feiz,,,,Monday to 0700,Nous avons le plaisir de vous accueillir d travers notre agence Luxembourgeoise  ADS Concept Car est un Véhicule sale Second hand car Luxury car Garage Liebaert Claude Gérant associé,,,,,3.0,,,
,L-2633 Senningerberg Sennengerbierg,,,,ART ARS Monday to 0900,"Monsieur Liébaert Claude est gérant-associé de Ientreprise Nouveaux Ets Liébaert, entreprise familliale créée métaux, la demolition automobile... Recycling Companies Metal recycling Waste recycling Cars - Breakers yards Garage lagence automobile by ARTCARS",,,,,,,,
,roetz  Rue de lAvenir L-3895 Foetz Feiz,,,,Monday to 0830,"LAgence Automobile by ARTCARS est un intermédiaire pour les particuliers qui souhaitent vendre et acheter un véhicule doccasion.Basé sur le méme principe quune agence immobiliére, Agence Automobile by Véhicule sale Sale warehouse Garage",,,,,,,,
,AD Dernier Sol L-2543 Luxembourg Létzebuerg,,,,,Tyres Tire mounting Tyres for vehicles Garage,,,,,,,,
,37 Rue Romain Fandel L-4149 Esch-sur-Alzette Esch-Uelzecht,,,,Monday to 0800,Road patrol and towing services Garage,,,,,,"Bienvenue chez Carpol, votre partenaire de confiance pour tous vos besoins en dépannage de véhicules et",,
,82 Rue de Soleuvre L-4670 Differdange Déifferdang,,,,Pa lexyAtita Monday to 0800 Ab Monday to 0800,"Vente et achat de véhicules doccasionReprise de votre véhicule et financement possible Véhicule sale Mechanical workshop Electric motorcar equipment belge.Vous étes un professionnel ou un particulier et vous recherchez pour votre véhicule, des piéces Automotive Accessory Motor vehicle spare parts Auto recycling Second hand car Garage ADL - Ateliers Dostert Lorentzweiler vous propose - Constructions métallique de benne , plateau et conteneur.- Découpe, pliage et soudure sur tous métaux alu, inox, acier- Carrossage de camion poids lourds - Réparation et... ADL - Ateliers Dostert Lorentzweiler Sarl",,,,,,,,
,L 35 Route de Luxembourg L-7372 Lorentzweiler Luerenzweiler,,,,Pasiana Monday to 0830,Metals Boiler making - Metal Hydraulic Steel construction - Workshops Garage,,,,9.0,,,,
,siana 238 Route de Luxembourg L-3515 Dudelange Diddeleng,,,,Ps Monday to 0800,Commercial vehicle Repair of vintage wheels for classic cars Garage,,,,,5.0,"Bienvenue chez CASIANA SARL, votre destination privilégiée pour lachat de véhicules doccasion et de jantes toutes marques doccasion  Dudelange  Notre société se spécialise exclusivement dans la vente de voitures doccasion et de jantes... CAR Market BY Garage Grasges Sarl",,
,semen 36 Route dEttelbruck L-9230 Diekirch Dikrech,,,,Vous cherchez un véhiculeNous vous accueillons du lundi au vendredi de 8h 4 12h et de 13h G I7hEt le samedi,Véhicule sale Car bodies Garage Sprint Cars and More Sarl,,,,,2.0,,,
,spainrcans 36 A Rue Alexander Fleming L-3467 Dudelange Diddeleng,,,,Monday to 0800,"Bienvenue chez Sprint Cars and More, situé G Dudelange Nous sommes une entreprise spécialisée dans la vente de véhicules doccasion récents et de qualité en provenance du Luxembourg.Depuis notre création en Véhicule sale Second hand car Garage",,,,,,,,
,12 Rue Jean Engling L-1466 Luxembourg Létzebuerg,,,,,Commercial vehicle Véhicule sale Motor vehicle equipment Garage,,,,,,,,
,7 Rue Henri Tudor L-5366 Munsbach Minsbech,,,,,,,,,,,,,
,9 Rue du Chemin de Fer L-3766 Tétange Téiteng,,,,,RENAULT ECHTERNACH - GARAGE SCHNEIDERS,,,,,,,,
,17 Route de Luxembourg L-6450 Echternach lechternach,,,,,,FordStore Paul Wengler,,,,,,,
,24-40 Avenue des Alliés L-9012 Ettelbruck Ettelbréck,,,,Monday to,aS Sponsoriser ma société,,,,,,,,
,L-8070 Bertrange Bartreng,,,,Tuesday to 0900 Monday to 0700,"BR PERFORMANCE, la référence en préparation automobile.Depuis plusieurs années, nous investissons dans ce qui ce fait de mieux en matiére de diagnostics, délectronique et déquipements embarqués. Nos installations Engines Motor reprogramming Automotive Accessory Tuning Garage",,,,,,,,
,v ATMEC 17 Route dEchternach L-6212 Consdorf Konsdref,,,,Monday to 0800,Mechanical workshop Road patrol and towing services Mechanical hand tools Garage,,,,,,"mechanics and hydraulics. We work on agricultural machines, construction equipment, forestry equipment, and any other type of vehicle requiring... FC Clean Auto SARL",,
,FCCLEANAUTO 48 Rue Joseph Kieffer L-4176 Esch-sur-Alzette Esch-Uelzecht,,,,Monday to 0830,Vehicle wash Car cleaning Motor vehicle inspection service Rim cleaning Garage,,,,,4.0,"FC Clean Auto is your specialist in automobile cleaning and detailing. Refurbishment, vehicle protection or Whatever your needs and the...",,
,allZ cars 9 Rue du Commerce L-3895 Foetz Feiz,,,,Monday to 0700,"exclusively use MAFRAs professional car cleaning product line to restore that new car look and pure driving pleasure. Furthermore, all bodywork and... Automotive Accessory Cars - Accessories, equipment and furnishing Tyres Aluminium wheels CW Lo P Y",,,,2.0,5.0,,,
,ciassic wonnsuoe L-4984 Sanem Suessem,,,,Monday to 1400,"Nous nous spécialisons dans - La réparation et restauration de voitures classiques- Entretien, maintenance",,,,,4.0,et évaluations- Conseils techniques- Transports nationaux et internationaux en remorque fermée- Commerce de voitures de collection- Recherche... Véhicule sale Oldtimer Luxury car Garage,,
,29 Rue Robert Krieps L-4702 Pétange Péiteng,,,,Monday to 0900,"Le garage M-Line Cars, est spécialisé dans lachat et la vente de véhicules.Nous vous proposons un service",,,,,,"complet, comprenant Iimmatriculation de celui-ci en France ou au Luxembourg mais également la réalisation du contréle technique de votre... Solar Film Protect Sarl",,
,8A Rue des Artisans L-3895 Foetz Feiz,,,,Monday to 0730,Veranda Sun awning Advertisement lettering services Window film Garage,,,,,5.0,Solar Film Protect située G Foetz est spécialisée dans la protection solaire pour tous les vitrages dhabitations Stoll Trucks I Location,,
,2 Rue de la Poudrerie L-3364 Leudelange Leideleng,,,,Pneus Monday to 0800,"Stoll Trucks  Location  Leudelange  Rollingen NOUVEAU  LOUEZ MAINTENANT AU DEPART DE NOTRE NOUVELLE AGENCE DE ROLLINGEN Spécialiste de la location courte, moyenne et longue durée de véhicules utilitaires et industriels au Luxembourg, Stoll... Vehicle rental Renting - Trucks and lorries Commercial vehicle Hire - Vehicle short-time A.M. Pneus Discount Sarl",,,,,4.0,,,
,Discount 37 Rue Romain Fandel L-4149 Esch-sur-Alzette Esch-Uelzecht,,,,Monday to 0800 VAN Monday to 0730,"dépannage pneus ainsi que des pneus hiver et été.Prenez rendez-vous Tyres Winter Tyres Garage deffectuer Ienlévement et la destruction intégrale de véhicules devenus des paves ou ceux accidentés. Situé sur la commune de Florange, nous... Automotive Accessory Motor vehicle spare parts Auto recycling Cars - Breakers yards Petrymobil Garage Petry Sarl",,,,3.0,,,,
,oN 40 Rue Hiehl L-6131 Junglinster Jonglénster,,,,Monday to 0900,"Le Garage Petrymobil situé en plein coeur de la zone industrielle de Junglinster est dans un grand showroom moderne.Plongez dans Iunivers automobile avec le groupe Petrymobil, votre destination de confiance au Luxembourg.En tant que retailer officiel... Véhicule sale Automobile  Citroén Tyres Car bodies Garage",,,,,,,,
,WIG 173 Rue de Belvaux L-4026 Esch-sur-Alzette Esch-Uelzecht,,,,ART ARS Monday to 0900,negotiates framework agreements for their non-strategic products and services. These purchases are too,,,,,,"Thanks to the volume effect, and the rationalization of the number of suppliers, the Widoo Procurement Group often neglected, due to lack... Business consulting Office supplies Cleaning products soaps, washing powders and detergents lagence automobile by ARTCARS",,
,evtelbruck 170B Rue de Bastogne L-9011 Ettelbruck Ettelbréck,,,,fe Monday to 0600,"LAgence Automobile by ARTCARS est un intermédiaire pour les particuliers qui souhaitent vendre et acheter un véhicule doccasion.Basé sur le méme principe quune agence immobiliére, IAgence Automobile by ARTCARS basée G Ettelbruck, propose ses... Véhicule sale Sale warehouse Garage",,,,,5.0,,,
,WLCRBLUX... 3 Rue Fontebierg L-3381 Livange Léiweng,,,,Monday to 0800,remorques et bennes amovibles. Nous sommes importateurs des produits CRAMARO et RAPIDBACHE.Nous vous proposons aussi toute une gamme de filets... Display Tarpaulin Automotive Accessory Pvc tarpaulin Garage,,"CRB LUX est une entreprise luxembourgeoise spécialisée dans le bachage des bennes, remorques, semi-",,7.0,,,,
,pegprect 6 Z.A.C. Haneboesch II L-4563 Niederkorn Nidderkuer,,,,Monday to 0630,equipment. Yannick Oliger and his team of five employees are on hand to welcome you and advise you alll year long. A major stakeholder in... Ask for a quote bh Website Consulting engineers Hydraulic Paints Compressor Garage,,,,,,,,
,1 Rue Fontebierg L-3381 Livange Léiweng,,,,Monday to 0800,"Livange.Volvo trucks  Volvo bus.Nous avons de Ia vente de Volvo. Notre aprés-vente est multi- marques.vVente, entretien, reparation et piéces... Commercial vehicle Truck Coaches and busses Refrigerated truck Garage",,,,,5.0,,,
,39 Rue Charlotte L-4719 Pétange Péiteng,,,,Monday to 0800,"Bienvenue chez MB Cars, votre partenaire automobile de confiance pour lachat et la vente de véhicules neufs entiéres de passion et dengagement... Véhicule sale Car care Garage ag SV Lux Design",,,,,,,,
,yj 4 Route de Longwy L-4830 Rodange Rodange,,,,CH Monday to 0800,Creative art studios and graphic design studios Advertisement lettering services,,,Transfers - Self-adhesive Garage,,,"covering de véhicules, le PPF, lettrage, impression ou encore la création de vos enseignes.Besoin dune baéche publicitaire Nous avons les...",,
,26 Z.A.C. Klengbousbierg L-7795 Bissen Biissen,,,,Monday to 0800,Tyres Tire mounting Motor vehicle inspection service Tyres for vehicles Garage,,,,,4.0,"JM Pneus Sarl est implanté a Bissen.Fort de notre expertise, nous vous apportons nos conseils sur une large gamme de pneus et jantes pour tous types de véhicules  voitures, SUV, agricoles, poids lourds, ...vous trouverez un grand choix de marques...",,
,47 Rue de Hollerich L-1741 Luxembourg Létzebuerg,,,,Monday to,service.Pour vos changements de...,,,,,,Rodighiero Pneus vous accueille dans ces différents centres  Luxembourg et Lamadelaine et vous propose un Tyres Tyres for vehicles Garage AUTOPOLIS Vous souhaitez étre mis en avant,,
,L-8070 Bertrange Bartreng,,,,Monday to 0730,,,,,,3.0,,,
,14 Rue du Brill L-3898 Foetz Feiz,,,,@ Monday to 0730 Monday to 0830,Petroleum Services Exploitation SA,,Autocenter Goedert est le centre auto leader sur le marché luxembourgeois des prestations et produits,,,5.0,"répondre aux attentes dans les domaines de la... Mechanical workshop Automotive Accessory Tyres for vehicles Garage Scania est lun des principaux fournisseurs mondiaux de solutions de transport, notamment de camions et de Commercial vehicle Truck Coaches and busses Refrigerated truck Garage",,
,v 4 Lotissement Vulcalux L-8399 Windhof Wandhaff,,,,ecw Monday to 0800 Monday to 0800,Tyres Motor vehicle inspection service Tyres for vehicles Garage,,,,4.0,4.0,La société gére un stock important de pneus et daccessoires voitures.Pneus Goedert vend des pneus et accessoires auto.Passage au contréle technique pour clients particuliers.Nous proposons tous types de,,
,oe 1 Zone Industrielle op Stackem L-9952 Drinklange Drénkelt,,,,Monday to 0800,"Lux Autoland is your efficient mobility partner in Luxembourg. With a wide range of new cars, six-monthly and we help you to always stay... Véhicule sale Tyres Electric motorcar equipment Garage","annual cars as well as used cars from VW, Audi, Skoda, Seat and Mercedes and the accompanying service,",,,,4.0,,,
,femmes 459 Route de Wasserbillig L-6686 Mertert Mdertert,,,,Monday to 0800,"La satisfaction du client est au centre de notre travail.En tant quatelier automobile indépendant, nous essayons datteindre cet objectif encore et encore grace Gd la compétence professionnelle, la fiabilité, la qualité et lintérét pour notre... Mechanical workshop Automotive Accessory Tyres for vehicles Garage Colmar-Berg, Luxembourg, strive to... Tyres Automotive Accessory Industrial research Garage",,,,1.0,3.0,,,
,31A Duarrefstrooss L-9944 Beiler Beeler,,,,Temporary closure Open Monday 17 March to 0730,convenient home service and appointments in the municipality of Hollenfels.Our dedicated team provides a,,,,,4.0,full range of car cleaning and... Vehicle wash Car cleaning products Garage Stephany William Réparation  Restauration Tracteurs complet et personnalisé pour la prise en charge de votre tracteur. Je me rends directement G votre domicile pour évaluer les travaux nécessaires....,,
,L-5280 Sandweiler Sandweiler,,,,Monday to 0800,"Votre Autocenter Goedert Sandweiler est fermé temporairement. Les Autocenter Goedert de Bereldange, Belle Goedert S.A. est une... Mechanical workshop Vehicle wash Tyres for vehicles Garage",,,,,,,,
,33 Route de Luxembourg L-4972 Dippach Dippech,,,,WREINERT Monday to 0800,et une équipe de professionnels... Véhicule sale Second hand car Oldtimer Garage,,,,,4.0,,,
,wosSvemmucn 6 RU@ du Chateau dEau L-3364 Leudelange Leideleng,,,,Monday to 0900,"La société REINERT Sarl est spécialisée dans la distribution de fournitures industrielles dans les domaines de - lautomobile piéces auto, équipement de garages - lindustrie outillage, aspirateurs, rayonnages, produits Ask for a quote y Website Tool kits Paints Uniforms Garage Car Wash Goedert Bertrange",,,,,3.0,,,
,L-8070 Bertrange Bartreng,,,,Monday to 1000,"Quel que soit le programme de lavage choisi, un opérateur vous accueille dés Ientrée du tunnel de lavage et prépare votre véhicule, en le prélavant manuellement, en pulvérisant du produit a jantes sur les quatre roues et du produit de prélavage sur... Vehicle wash Automotive Accessory Tyres for vehicles Garage",,,,,,,,
,10 Rue de IAvenir L-3895 Foetz Feiz,,,,G TE C H Monday to 0800,Véhicule sale Second hand car Commercial vehicle Car care Garage,,,,,,,,
,slectricite générale. 1 Um Klaeppchen L-5720 Aspelt Uespelt,,,,Monday to 0900,"systems.Based in Aspelt, our general electricity company offers its services to private individuals",,,,17.0,5.0,"professionals, as well for the... Ask for a quote  Website Electrician installer Electrical system Electricity - Supplies and accessories Apparatus for electrical installation Garage",,
,94 Rue de Belvaux L-4025 Esch-sur-Alzette Esch-Uelzecht,,,,Monday to 0800,Découvrez la différence avec Solar Control  DesignFourniture et pose de films de protection solaire Réduction de la chaleur et des UV Amélioration de lefficacité énergétiqueSolar Control  Design Votre partenaire de confiance pour la... Ask for a quote  Website Veranda Sun awning Kitchen Store Garage,,,,5.0,4.0,,,
,76 Route de Luxembourg L-4876 Lamadelaine Rolleng,,,,Monday to 0800,Tyres Tools and machines - Air-operated Garage,,,,,4.0,,,
,21 Létzebuergerstrooss L-5752 Frisange Fréiseng,,,,Monday to 0800,Pneus Center vous accueille a Frisange. Nous vous proposons un des plus grands choix de pneumatiques hiver et té de la région. Nos prix exceptionnels ont fait depuis longtemps notre renommeée. Nous... Tyres Tyres for vehicles Winter Tyres Garage Car Wash Goedert Belle Etoile,,,,,2.0,,,
,L-8050 Bertrange Bartreng,,,,Monday to,wagon repair and maintenance...,,,,,,"Quel que soit le programme de lavage choisi, un opérateur vous accueille dés Ientrée du tunnel de lavage et prépare votre véhicule, en le prélavant manuellement, en pulvérisant du produit a jantes sur les quatre roues et du produit de prélavage sur... Vehicle wash Automotive Accessory Tyres for industry Garage CFL technics, formerly known as Ateliers de Pétange, is a subsidiary of CFL cargo. With extensive experience Railways Rail vehicle equipment and accessories Garage AUTOPOLIS Vous souhaitez étre mis en avant",,
,L-8070 Bertrange Bartreng,,,,Monday to 0800,,Nissan Toyota Foetz,,,,,,,
,200 Rue de Brill L-3844 Schifflange Schéffleng,,,,,Garage Automotive Accessory Car bodies Garage Marco Sinner Sarl,,,,,,,,
,140 Rue Principale L-8611 Platen Platen,,,,,,,,,,4.0,,,
,15 Rue Glesener L-1631 Luxembourg Létzebuerg,,,,", Monday to 0800","Discover HelloTAXI, your professional transport company dedicated to simplifying your personal and your meetings and professional events... Order online by Website Road passenger transport Taxi Transport Airport shuttle Garage",,,"professional travel.We offer you a reliable and convenient service, with airport transfers, transportation for",,4.0,,,
,35 Rue des Bruyéres L-1274 Howald Houwald,,,,EP Monday to 0730,"Vehicle wash Motor vehicle inspection service Cars - Accessories, equipment and furnishing",,,,,4.0,"Specializing in top-of-the-range automotive treatments, the CAR PROTECT CENTER team offers you FICTECH and XPEL body protection, as well as permanent interior treatments.In addition to hand-washing, we can refurbish your interiors, renovate or... Garage Schmit  Fils Sarl",,
,scumgasSsaa 93 Route de Tréves L-6793 Grevenmacher Gréiwemaacher,,,,,nouvelles voitures et occasions...,"mécanique et carrosserie, peinture au four.Service pare-brise et climatisation.Piéces de rechange Ford vente",,,,4.0,,,
,42 Robert Schuman-Strooss L-5751 Frisange Fréiseng,,,,Monday to 0800,Service stations Automotive Accessory Tyres for vehicles Garage,,,,,4.0,"fidélité interessante. Demandez-la  Vous trouvez chez-nous De lessence moins cher et un shop avec les produits comme le tabac, les... Truck Trading Luxembourg TTLux",,
,Il Rue Edmond Reuter L-5326 Contern Conter,yr 3.92 1017 Reviews,,,Monday to 0800 Monday to 0730,"independent auto center specializing in tire services. Whether youre looking for new or used tires, our team is",,,,,4.0,TRUCK TRADING Luxembourg is your DAF Heavy Duty dealership located in Contern.Our company offers you a Trading Luxembourgs activity is based on... Commercial vehicle Truck Véhicule sale Renting - Trucks and lorries Garage here to meet your needs with... Tyres Motor vehicle equipment Garage,,
,140 Route dEsch L-1471 Luxembourg Létzebuerg,,,,Monday to 0800,type de véhicule. Nous proposons une large palette de services et produits pour répondre aux attentes dans,,Autocenter Goedert est le leader sur le marché luxembourgeois des services et produits dentretien pour tout,,,3.0,"les domaines de la sécurité, la... Mechanical workshop Automotive Accessory Cars - Accessories, equipment and furnishing",,
,107 Route de Luxembourg L-7241 Bereldange Bareldeng,,,,Cars Monday to 0830,comfort and vehicle maintenance...,,,,,,Mechanical workshop Automotive Accessory Tyres for vehicles Garage,,
,Benelux. 60 Rue de Koerich L-8437 Steinfort Stengefort,,,,T2 ELO Monday to 0700,"remorques, dédié G fournir des services de haute qualité pour répondre aux besoins des transporteurs a",,,,,5.0,"Notre engagement votre satisfactionSpécialisée dans achat-vente de véhicules neufs et doccasion récents a faible kilométrage, la société Cars Benelux est située a Steinfort au Grand-Duché de Luxembourg.La société est constituée dune équipe de... Véhicule sale Second hand car New car Garage Présentation de la société TRELOActivité  TRELO est un centre de réparation de poids lourds et de semi- travers IEurope.Localisation  Lun des... Véhicule sale Heavyweight transport Truck Garage",,
,MMS 12 Rue du Village L-6170 Godbrange Guedber,,,,,Road patrol and towing services Motor vehicle breakdown repair services Garage,,,,,4.0,"customers.At MMS Dépannage, we...",,
,scedert Bere lEurope L-5531 Remich Réimech,,,,Sear proner Monday to 0800,"Service stations Automotive Accessory Cars - Accessories, equipment and furnishing Garage",,,,3.0,4.0,"Station Goerdert Remich vous propose du carburant de qualité et une carte fidélité interessante. Demandez- la Vous trouvez chez-nousDe lessence moins cher et un shop avec les produits comme le tabac, les chocolats, les confiseries, le café...",,
,12 A Allée John W. Léonard L-7526 Mersch Miersch,,,,Monday to 0800,"Car-project le spécialiste du quad, motos et scooters a Mersch, vous accueille dans son showroom Bikes, motor-assisted bicycles, motobikes and trikes Quads Automotive Accessory Motorcycles Car Wash Goedert Hollerich",,,,,4.0,,,
,muibieedll 140A Route dEsch L-1471 Luxembourg Létzebuerg,,,,Monday to 0800,"Quel que soit le programme de lavage choisi, un opérateur vous accueille dés lentrée du tunnel de lavage et et du produit de prélavage sur... Vehicle wash Tyres Cars - Accessories, equipment and furnishing Garage",,,,,3.0,,,
,L-8050 Bertrange Bartreng,,,,are uN Monday to 0800,dentretien pour tout type de véhicule. Nous proposons une large palette de services et produits pour,,Autocenter Goedert est le centre auto leader sur le marché luxembourgeois des prestations et produits,,,,répondre aux attentes dans les domaines de la... Mechanical workshop Automotive Accessory Tyres for vehicles Garage ps. USCars Import Sarl,,
,GB Samy 44 Route de la Sdre L-9390 Reisdorf Reisduerf,,,,Zoey Monday to 0900 Monday to 0800,We do all kind of services on US and Japanese brands. We also do frame-off restaurations and are,,,,3.0,3.0,"specialised in Sodablasting. Importing the right car for you is our mission. new, used, vintage or a collection car. We have our specialists there to... Véhicule sale Second hand car Automobile  Dodge Garage Bienvenue chez KEV CAR @ Guénange, située dans le département de Ia Moselle, en région Grand Est. Depuis exceptionnelle, en mettant laccent sur la... Véhicule sale Car cleaning products Garage Car Wash Goedert Bereldange Gj Car Wash .",,
,107 Route de Luxembourg L-7241 Bereldange Bareldeng,,,,Monday to,"Quel que soit le programme de lavage choisi, un opérateur vous accueille dés lentrée du tunnel de lavage et et du produit de prélavage sur... Vehicle wash Automotive Accessory Tyres for vehicles Garage",,,,,,,,
,L-8070 Bertrange Bartreng,,,,a Monday to 0900 Monday to 0800,"Carrosserie Pinto et Frére A Athus La Carrosserie Pinto  Frére, située au coeur du Péle Européen de Développement aux frontiéres de la Garage Bodywork - Motor vehicle Automotive Accessory Car bodies",Opel Car Avenue Leudelange,,,,,,,
,canavenue. 4 Rue Nicolas Brosius L-3372 Leudelange Leideleng,,,,Monday to 0800,Garage Motor vehicle inspection service Car bodies,,,Garage Cardoni Sarl,,,CAR Avenue propose dans lensemble de son réseau Ia garantie Fiable ou remboursé. Dans le cadre dun achat ou bien de facgon isolée notre concession peut également vous faire une proposition de reprise auto.,,
,CARDONI 914 A Route de Luxembourg L-3515 Dudelange Diddeleng,,,,wSewtecansce Monday to 0830,services- Show room- Workshop- Technical service- Mechanics- Body shop- Used vehiclesFor further,,,,,,"information, please contact us. You can also...",,
,MIGAUTO 14 Route de la Sdre L-9390 Reisdorf Reisduerf,,,,monde automobile.Notre garage vous accueille du lundi au samedi pour différents services comme Monday to 0830 accueillons du lundi au vendredi pour lentretien et la reparation de votre véhicule.Nos prestations - Révision @ Monday to 0800,Garage Motor vehicle inspection service Winter Tyres,,,,1.0,,"Garage Véhicule sale Bodywork - Motor vehicle la mécanique automobile, le passage... automobile- Vente et montage de pneus-... Garage Tyres Engines - Overhauling Citroén CAR Avenue Leudelange",,
,crmmoen 4 Rue Nicolas Brosius L-3372 Leudelange Leideleng,,,,fou @P Monday to 0800,"CAR Avenue Luxembourg est un groupe de concessions de plusieurs marques dont Citroén, proposant Ientiéreté de la gamme. Que ce soit pour un véhicule particulier ou utilitaire, dun Garage Automotive Accessory Car bodies",Nissan Toyota Alzingen,,,,,,,
,CAR AVENUE 2935 Route de Thionville L-5887 Alzingen Alzeng,,,,Monday to 0730,électriques. Nos Business Centers nous... Garage Automotive Accessory Car bodies,Toyota CAR Avenue Luxembourg,,,,,,,
,6 Rue des Mérovingiens L-8070 Bertrange Bartreng,,,,cy Monday to 0730,Garage Motor vehicle inspection service Car bodies,Peugeot CAR Avenue Leudelange,,,,,une garantie. Avec lexpertise...,,
,4 Rue Nicolas Brosius L-3372 Leudelange Leideleng,,,,@ Monday to 0800,Garage Motor vehicle inspection service Car bodies,Peugeot Citroen Foetz,,,,,"Venez découvrir notre showroom présentation de toute la gamme, véhicules de tourisme et utilitaires. Que financement, etc.. Nous disposons...",,
,1 Rue de IIndustrie L-3895 Foetz Feiz,,,,Monday to 0800,gamme de véhicules tourisme et utilitaires et les services CITROEN. Votre agent CITROEN...,Garage ROBY Cruciani Volkswagen,,,,,Garage Automotive Accessory Car bodies,,
,73 Route de Luxembourg L-3515 Dudelange Diddeleng,,,,CED Monday to 0800,Luxembourg.Nous disposons de - Voitures neuves et occasions.- Parc de véhicules doccasion toutes marques.- Atelier de carrosserie et mécanique.Le Garage... Garage Tyres Car bodies,Garage Roby Cruciani Audi,,,,,,,
,212 Route de Luxembourg L-3515 Dudelange Diddeleng,,,,"_.,- Monday to 0800",de - Voitures neuves et occasions. - Parc de véhicules doccasion toutes marques. - Atelier de... Garage Véhicule sale Car bodies,"Concessionnaire Audi, le Garage Roby Cruciani Audi est situé G Dudelange au Luxembourg. Nous disposons",,,,,,,
,oansce 18 Op de Geieren L-4970 Sprinkange Sprénkeng,,,,Garage Monday to 0800,"véhiculeChez Open Cars, nous mettons notre expertise au service de votre voiture pour garantir des",,,,,,"Open Cars - Votre garage de confiance pour Ientretien, loptimisation et la personnalisation de votre prestations de qualité, adaptées a tous vos... Garage Tyres Wheel-balancing  front wheel alignment Garage La Macchina Sarl",,
,68 Rue de Cessange L-1320 Luxembourg Létzebuerg,,,,"Quindy,. Monday to 0700",de  - SOS Dépannage Vous pouvez choisir notre garage pour la qualité de notre service Prennez...,,,,9.0,,Garage La Macchina est a votre disposition pour les reparations toutes marques. Nous sommes partenaires Garage Tyres Auto mechanic,,
,13 Rue Charles Kieffer L-8389 Grass Grass,,,,AIRL Monday to 0800,Garage Garages - Equipment and accessories Industrial maintenance,,,,,,Auto Red-Line Pneus Sarl,,
,307 Rue Woiwer L-4687 Differdange Déifferdang,,,,,"mécanique automobile, nous vous proposons différents services tels que- Montage, équilibrage,",,,,3.0,,Votre garage de confiance parallélisme- Réparation rapide- Carrosserie-... Hedin Automotive Luxembourg SA,,
,164 Route dEsch L-1471 Luxembourg Létzebuerg,,,,Monday to 0800,Garage Véhicule sale Windshield repair,,,,,2.0,"Bienvenue chez Hedin Automotive, votre partenaire de confiance pour une mobilité sans souci. Que vous recherchiez une voiture neuve ou doccasion, notre engagement est de vous offrir exactement ce que vous cherchez. En tant que pilier de lindustrie... Garage Vehicle rental Engines - Overhauling",,
,200 Boulevard du Général Patton L-2316 Luxembourg Létzebuerg,,,,Monday to 0830,"Garage Norbert Weimerskirch, succ. Guy Weimerskirch e tel que mécanique... Garage Tyres Automobile - review",Nissan Toyota Diekirch,,,,,,,
,6 Rue Fridhaff L-9379 Diekirch Dikrech,,,,Monday to,Garage Automotive Accessory Car bodies Vous souhaitez étre mis en avant,,,,,,,,
,L-8070 Bertrange Bartreng,,,,nan Monday to 0800,,,,,,4.0,,,
,113 Route dArlon L-8211 Mamer Mamer,,,,Monday to 0800,"Bienvenue chez Carrosserie NCM, votre partenaire de confiance pour la réparation et Ientretien de vos véhicules. Notre équipe de spécialistes dévoués est a vos cétés pour trouver la solution la plus adaptée a vos besoins, quil sagisse de problémes... Garage Bodywork Tyres Car bodies",,,,5.0,,,,
,45 Rue de Bouillon L-1248 Luxembourg Létzebuerg,,,,Monday to 0800,"SUVs, trucks, vans, repair centre...",,,,,,"and in our show rooms we offer you a range of new, used and commercial vehicles sedans, wagons, coupés,",,
,124 Route de Luxembourg L-9125 Schieren Schieren,,,,Monday to 0830,Votre spécialiste automobile pour le Nord du Luxembourg. Bénéficiez des conseils et des services de notre,,,,,,"équipe de professionnels pour tous vos besoins en carrosserie, mécanique, préparation... Garage Véhicule sale Second hand car Garage Alex Greischer Sarl",,
,8 Op der Strooss L-7650 Heffingen Hiefenech,,,,WN Monday to 0730,un apercu de nos principaux services...,,,,1.0,,"Notre atelier est spécialisé dans la restauration de voitures de collection, offrant une gamme complete de Garage Garages - Equipment and accessories",,
,11 Salzbaach L-9559 Wiltz Wooltz,,,,Monday to 0900 Monday to 0800 Monday to 0800,"We are the specialists for vehicles of all kinds. From bodywork, painting, repairs, and advertising to service",,,,6.0,5.0,Le Garage Strotz est un agent du réseau CITROEN au Grand-Duché du Luxembourg vous proposant toute workyour vehicle is in good hands with us throughout its lifetime.We offer youBodywork for cars and Garage Véhicule sale Accessory for auto body,,
,190 Rue de Belvaux L-4026 Esch-sur-Alzette Esch-Uelzecht,,,,Monday to 0630,Garage Motor vehicle inspection service Car bodies,,,,,,"and in our show rooms we offer you a range of new, used and commercial vehicles sedans, wagons, coupés,",,
,3 Rue Nicolas Brosius L-3372 Leudelange Leideleng,,,,Monday to 0800,Garage Coaches and busses Vans - Sales and maintenance,,,,3.0,,"and in our show rooms we offer you a range of new, used and commercial vehicles sedans, wagons, coupés,",,
,17 Rue de lindustrie L-9250 Diekirch Dikrech,,,,VAN Monday to 0745,Garage Motor vehicle inspection service Vans - Sales and maintenance,,,,,,"and in our show rooms we offer you a range of new, used and commercial vehicles sedans, wagons, coupés, Garage J. Leyder Sarl",,
,4 Rue dell L-8509 Redange-sur-Attert Réiden Atert,,,,ME48 Monday to 0800,Garage Motor vehicle inspection service Car bodies,,,,,,"Le Garage J.Leyder est un agent du réseau CITROEN au Grand-Duché du Luxembourg vous proposant toute Toutes nos occasions sont... en .., MF-Car Sarl",,
,10 Route de Winseler L-9577 Wiltz Wooltz,,,,oanmwene Monday to 0800,Garage Motor vehicle inspection service Car bodies,,,,,,limmiatriculation de votre véhicule. Nous nous chargeons des démarches... AZ Partners Luxembourg Sarl,,
,BE BI. 4 Rue Luss Arendt L-8389 Grass Grass,,,,@Qveas Monday to 0800,leger.Venez découvrir la force du Smart RepairRéparer au lieu de remplacer la piéceNos services - Coups et,,,,,,"AZ Partners fait de la réparation sur toutes les marques que se soit sur votre voiture, moto ou utilitaire Garage Bodywork Automobile experts Car bodies",,
,cmnincesaene  RUS des Mérovingiens L-8070 Bertrange Bartreng,,,,Monday to 0800,Garage Motor vehicle inspection service Car bodies,,,,,4.0,"linnovation de la gamme.Venez découvrir notre showroom et prenez place derriére le volant de nos hybrides...sans prises électrique, sans diesel et sans...",,
,Winandy Fréres_ 1 Rue Kalchesbruck L-1852 Luxembourg Létzebuerg,,,,Couneats Monday to 0800,Garage Véhicule sale Second hand car,,,,,,,,
,MLCAR 1A Rue Principale L-8540 Ospern Osper,,,,Monday to 0900 Ki Monday to 0700,"ses réparations de véhicules toutes marques, location de camionnette et vente de voitures doccasion, le garage Philcars, a recemment repris la... Garage Automotive Accessory Cars - Accessories, equipment and furnishing Carrosserie Pinto et Frére A Athus La Carrosserie Pinto  Frére, située au coeur du Péle Européen de Développement aux frontiéres de la Garage Bodywork - Motor vehicle Automotive Accessory Car bodies",,,,,,,,
,5 Rue Henri Tudor L-5366 Munsbach Minsbech,,,,Monday to 0700,available in our dealerships...,Garage Automotive Accessory Automobile  Ford,,,3.0,,,,
,L-8070 Bertrange Bartreng,,,,Ki Monday to 0800,une déformation  nous nous occupons de la carrosserie de votre véhicule.Autopolis Carrosserie intervient également pour une peinture ternie.Un... Garage Bodywork - Motor vehicle Automotive Accessory Accessory for auto body,,,,2.0,,,,
,3 Rue de IAvenir L-3895 Foetz Feiz,,,,Monday to,"variety of professionals, brands, and services.",Garage Automotive Accessory Automobile  Ford,,,7.0,,available in our dealerships... It is now much easier to find a garage in Luxembourg. AUTOPOLIS Vous souhaitez étre mis en avant,,
,L-8070 Bertrange Bartreng,,,,Monday to 0800,,,,,,4.0,,,
,170 Rue de Bastogne L-9011 Ettelbruck Ettelbréck,,,,Monday to 0800,lautomobile et a ouvert son propre garage pour faire de la reparation mécanique.Nous vous proposons Garage Véhicule sale Accessory for auto body Garage Carrosserie Grondhaff Sarl,,,,,,,,
,3 Route de Beaufort L-6360 Grundhof Grondhaff,,,,Monday to 0800,Garage Road patrol and towing services Car bodies,,,,,5.0,,,
,cod 128 Route de Thionville L-2610 Luxembourg Létzebuerg,,,,Monday to 0730,"Louyet Carrosserie Luxembourg est votre carrosserie pour toutes marques, Land-Rover, Lotus, Jaguar et Aston Martin.Rendez-vous chez Carrosserie Atelier NI. Garage Bodywork - Motor vehicle Automotive Accessory Car bodies",,,,,,,,
,96 Route de Luxembourg L-6450 Echternach lechternach,,,,Monday to 0730,Carrosserie Michels  Thielen SA,voitures neuves Volkswagen et Skoda et occasions. Atelier de réparation carrosserie toutes marques avec,,,,,,,
,20 Z.A.R.E. llot Ouest L-4384 Ehlerange Eilereng,,,,Monday to 0700 Monday to 0830,Garage Motor vehicle inspection service Car bodies,,,,,,"Garage Automotive Accessory Car bodies peinture pour voitures et camionnettes, débosselage sans peinture, remplacement et réparation de... Garage Bodywork Tyres Car bodies UTOPOLIS BETZ Bertrange Bartreng Situé G Bertrange, notre Flagship store est unique au Luxembourg en proposant un large choix de véhicules Corvette, Fiat, Jeep, Hyundai...",,
,7 Rue Christophe Plantin L-2339 Luxembourg Létzebuerg,,,,1900Saturday ... Monday to 0800,Bilia is the only MINI dealer in Luxembourg. Visit us or our website to discover all the information about our new @ Order online b Website Garage Tyres Car bodies,,,,3.0,,,,
,L-7759 Roost Rouscht,,,,lundi au vendredi de 8h00 4 18h00 samedi de 9h00 4 16h00Un showroom moderne et spacieux.Lespace Monday to 0830,aN Petrymobil Garage Petry Sarl Garage Tyres Car bodies,BMW BILIA,,,,,,,
,7 Rue Christophe Plantin L-2339 Luxembourg Létzebuerg,,,,Monday to 0730,"products, and our constant ambition is to achieve the highest level of service.To achieve this, we regularly",The BMW spirit is a passion shared by our entire team. We represent a brand that is known for its high quality,,,,,update our facilities and... Garage Leasing Car bodies,,
,124 Route du Vin L-5440 Remerschen Remerschen,,,,SeAT Monday to 0700,"Ss Petrymobil Garage Petry Sarl Plongez dans Iunivers automobile avec le groupe Petrymobil, votre destination de confiance au sommes fiers doffrir une gamme complete de... Garage Véhicule sale Car bodies Garage Marc Winandy Sarl","Luxembourg.En tant que retailer officiel des marques renommées telles que Peugeot, Citroén, DS et Opel, nous",,,,,,,
,yw 326 Route de Mondorf L-3260 Bettembourg Beetebuerg,,,,Monday to 0930,Garage Motor vehicle inspection service Tyres for vehicles,,,,,4.0,"location de véhicule mécanique, carrosserie....",,
,55 Rue Jean-Pierre Bausch L-4023 Esch-sur-Alzette Esch-Uelzecht,,,,Monday to 0800,"marquesVoici ce que nous vous proposons Fiabilité inégalée  Chaque véhicule est minutieusement inspecté avant détre mis en vente, garantissant ainsi... Garage Automotive Accessory Cars - Accessories, equipment and furnishing",,,,,4.0,,,
,SP... L-4563 Niederkorn Nidderkuer,,,,Monday to 0800,"OF ere Fores @ Bienvenue au garage V.I.P station Nous exécutons des travaux sur toutes marques de voitures.Notre specialiste est la voitures ancienne Nous exécutons aussi des travaux de mécanique vidanges, pneus, freins, échappemernts...Nous tenons a vous Offrir... Beim Charel - Den Dokter fir Aren Auto Sarl",,,,,4.0,,,
,62 Géidgerweeg L-9980 Wilwerdange Wilwerdang,,,,Monday to 0800 Monday to 0830 Monday to 0800,"Bienvenue chez Beim Charel - Den Dokter fir Aren Auto  Wilwerdange A propos de nousNous sommes fiers apprenti dévoué, tous passionnés par... Garage Georgel Autos est situé G Rohrbach-lés-Bitche. II sagit dun garage spécialisé dans la réparation de toutes les marques de voitures, ainsi que dans les travaux de carrosserie et le remplacement de pare- brise.En plus de la réparation... Garage Véhicule sale Car bodies réparation automobile. Notre équipe dévouée est préte a prendre soin de votre véhicule, quelle que soit.Notre engagement envers la qualité et la... Garage Tyres Car bodies WEN Garage Martin Biver Sarl",,,,1.0,4.0,,,
,32 Route dErpeldange L-9518 Weidingen Wegdichen,,,,Monday to 0800,"Pour garantir le bon fonctionnement du Garage Martin Biver situé G Weidingen au Luxembourg dans lavenir, client. En ce qui concerne...",,,Garage Motor vehicle inspection service Credit and financing,,,,,
,oe 68 Hiel L-5485 Wormeldange-Haut Wormer Berreg,,,,Monday to 0800,de tout autre service  Remettez vos clés de voiture entre les mains dignes de confiance du Garage Lang.,,,,,,"Le Garage Votre véhicule a-t-il besoin dun entretien, dun diagnostic de panne, dun contréle technique ou Garage Tyres Car bodies",,
,24 Route de Larochette L-9254 Diekirch Dikrech,,,,,dynamique et motivée qui allie compétence et professionnalisme et qui se fait un plaisir de vous... EN Petrymobil Garage Petry Sarl,,,,,,,,
,UN 124 Wdistrooss L-5440 Remerschen Remerschen,,,,Monday to,"Plongez dans Iunivers automobile avec le groupe Petrymobil, votre destination de confiance au sommes fiers doffrir une gamme complete de... Garage Automotive Accessory Accessory for auto body AUTOPOLIS Vous souhaitez étre mis en avant","Luxembourg.En tant que retailer officiel des marques renommées telles que Peugeot, Citroén, DS et Opel, nous",,,,5.0,,,
,L-8070 Bertrange Bartreng,,,,wEWECK Monday to 0730,,,,,,3.0,,,
,1 Rue du Viaduc L-9147 Erpeldange-sur-Stre lerpeldengSauer,,,www.garage-leweck.lu,"e - _ s, Monday to 0730","panoplie de services au client.Nos services - Vente voitures neuves et occasions- Vente matériels jardinage,",,,,,4.0,"Garage Leweck Sarl une entreprise familiale située a EttelbruckErpeldange.Nous vous offrons une grande Garage Automotive Accessory Tools - Electric ot Akeo, Nouvelle Carrosserie Schintgen Sarl",,
,13 Route de Luxembourg L-6182 Gonderange Gonnereng,,,,CHLECO Monday to 0900,Nous exécutons des travaux sur toutes marques de voitures. Notre équipe maitrise un outillage sophistiqué dans les domaines du  - Débosselage - Redressage - Passage au marbre de redressement - Passage au marbre CELETTE - Peinture au pistolet -... Garage Bodywork Paints Car bodies,,,,,4.0,,,
,CQ 44 Rue Joseph Kieffer L-4176 Esch-sur-Alzette Esch-Uelzecht,,,,Monday to 0800,"Abarth, Lancia service et Fiat Professional.Notre équipe de mécaniciens et de carrossiers est composée de",,,,5.0,5.0,Garage Engines Bodywork - Motor vehicle,,
,92 Op der Strooss L-7650 Heffingen Hiefenech,,,,Monday to 0800 Monday to 0800,Garage Motor vehicle inspection service Car bodies,,,,3.0,4.0,"Le garage Thommes est situé a Heffingen au Luxembourg,Nous nous spécialisons dans lexposition et la vente de véhicules neufs et doccasions. Thommes dispose également dun atelier de mécanique et peinture. Visitez notre magasin de piéces de... Garage Véhicule sale Automobile  Dacia Car parts and tires offers you of all brands at low prices.Finding the right spare part for a particular vehicle often proves to be a difficult matter. Instead of searching for a long time for the right accessories, trust us as",,
,ris 11 Rue de Cessange L-1320 Luxembourg Létzebuerg,,,,Monday to 0700,"toutes marques, en mécanique, carrosserie, électronique et la restauration de voitures de...",,,,,4.0,,,
,175 Rue de Luxembourg L-7540 Rollingen Rolleng,,,,Monday to 0730,Garage Véhicule sale Automobile - review,BMW Schmitz,,,,,,,
,21 Rue de la Gare L-7535 Mersch Miersch,,,,Monday to 0730,service.lt is our particular concern...,Garage Véhicule sale Automobile  BMW,,,,4.0,for the absolute driving pleasure.The same values are also the order of the day for us when it comes to our,,
,SCANIA 23 Rue Gabriel Lippmann L-5365 Munsbach Minsbech,,,,Case m Monday to 0800,Garage Lorries - Sales and maintenance Automotive Accessory Truck,,,,,4.0,"Scania est lun des principaux fournisseurs mondiaux de solutions de transport, notamment de camions et de",,
,FELLER 4 60 Boulevard Prince Henri L-4280 Esch-sur-Alzette Esch-Uelzecht,,,,Monday to 0800,"chez vous, le Garage Feller prend... Garage Tyres Car bodies smart Center Luxembourg SML Automobilhandel Sarl",,,,3.0,3.0,,,
,45 Rue de Bouillon L-1248 Luxembourg Létzebuerg,,,,Monday to 0800,"Faire un petit tour en ville, se garer sans probléme et rentrer  la maison parfaitement détendue... la smart fortwo coupé vous fait redécouvrir la mobilité urbaine avec un maximum de confort, dagilité, de sécurité et Garage Tega Franco Sarl",,,Garage Credit and financing,,4.0,,,
,7 257 A Rue de Rollingergrund L-2441 Luxembourg Létzebuerg,,,,ROEMEN Monday to 0700,"automobile repair workshop, specializing in mechanics, bodywork and painting.Our team of qualified and",,,,,4.0,"Garage Franco Tega located in Rollingergrund, close to public transport, buses and trams, is your all-brand experienced professionals is at your...",,
,30 Zone dActivités Economiques Kehlen L-8287 Kehlen Kielen,,,,Monday to 0800,Garage Bodywork Hydraulic Lorries - Sales and maintenance,,,,,4.0,"Carrosserie Roemen est situé G Kehlen au Luxembourg,Notre gamme de produits sétend de petites de systémes hydrauliques a systemes...",,
,UTO SOUS 12 Rue de la Montée L-3658 Kay Kal,,,,Monday to 0745,Le garage AUTO SOUSA situé G Kayl est votre spécialiste automobile Nous effectuons tous les travaux inhérents G lentretien et la reparation de votre automobile.-Entretien-Mécanique-Carrosserie- Garage Commercial vehicle Accessory for auto body,,,,,,,,
,57 Zone Industrielle L-9099 Ingeldorf Angelduerf,,,,"_Jilic, Monday to 0730 Monday to 0800","votre voiture, en plein centre de la Nordstad. La satisfaction de nos clients est de premiére importance, et Garage Véhicule sale Accessory for auto body familial se rencontrent pour créer une expérience exceptionnelle. Depuis notre fondation, nous nous Garage Bodywork Mechanical workshop Car bodies",,,,5.0,4.0,,,
,10 Rue Albert Simon L-5315 Contern Conter,,,,Monday to 0900,"lautomobile.Une Equipe expérimentée et soucieuse de la qualité et la satisfaction de nos clients. Nous intervenons pour toute industrie, les... Garage Engines Engines - Overhauling",,,,,,,,
,gel 22 Rue du Moulin L-3857 Schifflange Schéffleng,,,,. Monday to 0800,Garage Road patrol and towing services Tyres for vehicles,,,,,,"Auto Cat, un garage situé a Schifflange au Luxembourg, Nous nous spécialisons dans le domaine de la location de chaines neige - Montage...",,
,45 Rue de Bouillon L-1248 Luxembourg Létzebuerg,,,,Monday to 0900 Monday to,"variety of professionals, brands, and services.",exclusive pour les marques Audi - BMW - Mercedes - Porsche - Bentley - Ferrari - Maserati - Jaguar - Range,,,,,"roadsters, AMG, trucks, vans, and more.... Nous créons de votre voiture série votre voiture réve individuelle  exclusive. Individualisation  Tuning Rover - Aston Martin -... It is now much easier to find a garage in Luxembourg. AUTOPOLIS Vous souhaitez étre mis en avant",,
,L-8070 Bertrange Bartreng,,,,Groupe Monday to 0800 Groupe Monday to 0800,Garage Motor vehicle inspection service Car bodies,Renault Groupe Autosphere  Bertrange,,,,4.0,@ Order online yy Website,,
,Bertrange 8A Route de Longwy L-8080 Bertrange Bartreng,,,,Groupe Monday to 0800,Garage Motor vehicle inspection service Car bodies,Renault Groupe Autosphere  Esch-Belval,,,,4.0,disposal to help you buy a new or used... order online bh Website,,
,Esch-Belval 136 Rue de Belval L-4024 Esch-sur-Alzette Esch-Uelzecht,,,,Monday to 0800,parts shop.Backed by years of passion... order online bh Website Garage Mechanical workshop Car bodies,"Renault Pro centre, Renew centre, industrial vehicle mechanics workshop, bodywork workshop and spare",,,,4.0,,,
,planes. L-4384 Ehlerange Eilereng,,,,Monday to 0800,Garage Motor vehicle inspection service Car bodies,,,,5.0,4.0,welcomes you in Ehlerange.We take care of cars and vans of all brands with the aim of satisfying the customer down to the smallest detail.We...,,
,5 Z.A.C. Happerfeld L-9806 Hosingen Housen,,,,ARN Monday to 0730,"Welcome to Occasiounsmaart, your trusted destination in Hosingen for buying and selling used cars. We understand that finding the perfect car can be a challenge, which is why were committed to providing you with a clear, uncluttered, and... Garage Claren  Cie Sarl",,,Garage Motor vehicle inspection service Credit and financing,,4.0,,,
,Cre 2 Rue André Losch L-7759 Roost Rouscht,,,,Monday to 0800,excellent customer service and long-lasting...,,,,,4.0,"specializing in the sale of new vehicles from the SEAT, SKODA, and CUPRA brands. Our commitment to Garage Vehicle wash Automobile  Seat Garage Thommes Mersch Sarl",,
,13 Allee John W. Léonard L-7526 Mersch Miersch,,,,tRétomoble Monday to 0730,your automotive needs.Services OfferedRepairs and...,"vehicles from the Renault and Dacia brands, Garage Thommes offers a wide range of services to meet all",,,,2.0,Kehlen Ettelbruck Walferdange Colmar-Berg Mersch _ Bissen Garage Thommes Mersch Your Trusted Garage in LuxembourgSpecializing in the sale of new and used Garage Tyres Automobile  Dacia,,
,CC 17 Z.AE. le Triangle Vert L-5691 Ellange Elleng,,,,Monday to 0800,"Atelier Rétromobile SA located in Ellange ismaintenance and partial or total restoration of old, collectors and",,,,4.0,4.0,Serves all of Luxembourg prestige vehiclesAdaptation of vehicles for people with reduced mobility TPMRWe offer solutions tailored to each of our clients.With...,,
,106 Haaptstrooss L-9645 Derenbach Déierbech,,,,wo Monday to 0800,Garage Road patrol and towing services Car bodies,,,,,4.0,Serves all of Luxembourg,,
,Garage Grasges Prekich 86 Route dEttelbruck L-9230 Diekirch Dikrech,,,,Winsfeld 10920 CPen Monday to 0730,"Le garage Grasges a Diekirch vous propose Service aprés-vente pour les marques Fiat, Fiat Pro, Abarth, Alfa",,,,,4.0,"Romeo et Jeep,Mécanique et carrosserie toutes marques,Location de véhicules,Stockage de vos pneus hiver été,Ringage boite de vitesse,Passage...",,
,canace 1 Zone Industrielle Hahneboesch L-4562 Differdange Déifferdang,,,,. Monday to 0730,"gamme complete des véhicules et utilitaires KIA, MAZDA, MAXUS et Fuso.Le Garage Binsfeld vous invite également a venir découvrir sa gamme de... Garage Tyres Automobile  KIA",,,,,4.0,,,
,Ginsfeld 15 Rue de Noertzange L-3860 Schifflange Schéffleng,,,,Monday to 0730,découvrir sa gamme de véhicules doccasions... Garage Tyres Automobile  KIA Garage Nordstad Carrosserie Sarl,,,,,4.0,,,
,30 Route dEttelbruck L-9230 Diekirch Dikrech,,,,PIANARO Monday to 0800,entiérement rénové est aménagé avec de outillage et des machines modernes...,,,,3.0,4.0,,,
,GARAGE 19 Avenue du X Septembre L-2551 Luxembourg Létzebuerg,,,,,Garage Motor vehicle inspection service Electric motorcar equipment,,,,,4.0,de la marque Bosch. Plus de... Autorecycling Gillen casse-auto Gilcar,,
,1 Rue de Kahler L-8362 Grass Grass,,,,Monday to 0730,"We buy damaged cars, with broken engine broken gearbox electrical and electronics problemes.We remove your scap cars free of charge Garage Scrap yard Auto recycling Cars - Breakers yards",,,,,4.0,,,
,34 Rue de Luxembourg L-7733 Colmar-Berg Colmer-Bierg,,,,Monday to 0900,"Bienvenue chez Garage M-CarTec Sarl, votre partenaire de confiance pour tous vos besoins en matiére dautomobile. Spécialistes en carrosserie, mécanique toutes marques, lavage et car detailing et bien Garage Vehicle wash Car bodies",,,,6.0,3.0,,,
,21 Rue Robert Krieps L-4702 Pétange Péiteng,,,,Monday to 0730,"etc., tous entiérement révisés avant de... Garage Véhicule sale Engines - Overhauling",,,,3.0,4.0,,,
,59 Munnereferstrooss L-5750 Frisange Fréiseng,,,,Monday to 0800,lentretien et la reparation de véhicules.... Garage Véhicule sale Guarding and surveillance,,,,,4.0,,,
,8 B Route de Longwy L-8080 Bertrange Bartreng,,,,____ Monday to 0800,Garage Motor vehicle inspection service Car bodies,,,,,4.0,"Bienvenue chez INTINI, votre distributeur exclusif Maserati au Luxembourg et dans la Grande-Région. Découvrez toute la gamme Maserati au sein de notre concession, et partagez notre passion des automobiles italiennes.Nos belles italiennes méritaient... Garage Auto-Rallye Da Silva Sarl",,
,8 Millewee L-7257 Walferdange Walfer,,,,,"Le Garage Auto-rallye Da Silva basé a Walferdange, est le distributeur officiel de la marque Suzuki. Toute la gamme Suzuki en exposition permanente ainsi quun vaste choix de véhicules doccasion avec... Garage Tyres Tyres for vehicles",,,,,,,,
